IDLabelStudio,N,sector,unidadSocial,machoAlfa,machoAlfaMerto,machosOtros,hembras,lactantes,destetadas,totalElefanteVivos,lMuertasRec,lMuertasInterm,otrosMachosMuertos,hembrasMuertas,destetadosMuertos,totalCriasMuertas,totalElefantesMuertos,lobosMuertos,gaviotas,residuosTotales,latitud,longitud,,residuosTotalesCajonesYOtros),gaviotas,totalElefanteVivos,totalElefantesMuertos,lobosMuertos
77934505,1039,sur,H1,1,0,0,6,5,0,12,0,0,0,0,0,0,0,0,0,0,-42.874866,-64.137994,,0,0,12,0,0
77934500,1042,sur,S,0,0,1,0,0,0,1,0,0,0,0,0,0,0,0,7,0,-42.876115,-64.133616,,0,7,1,0,0
77934493,1049,sur,H1s/m,0,0,0,14,10,0,24,0,0,0,0,0,0,0,0,0,0,-42.877302,-64.122654,,0,0,24,0,0
77934492,1051,sur,PS,1,0,0,1,1,0,3,0,0,0,0,0,0,0,0,0,0,-42.878274,-64.115709,,0,0,3,0,0
77934492,1051,sur,S,0,0,3,0,0,0,3,0,0,0,0,0,0,0,0,32,0,-42.878274,-64.115709,,0,32,3,0,0
77934732,1061,sur,H1,1,0,1,7,2,0,11,0,0,0,0,0,0,0,0,0,0,-42.870039,-64.071912,,0,0,11,0,0
77934722,1071,sur,S,0,0,2,0,0,0,2,0,0,0,0,0,0,0,0,0,0,-42.860784,-64.013667,,0,0,2,0,0
77934721,1072,sur,S,0,0,4,0,0,0,4,0,0,0,0,0,0,0,0,0,0,-42.860784,-64.013667,,0,0,4,0,0
77934715,1078,sur,H1,1,0,1,91,35,0,128,43,5,0,0,0,48,48,0,68,0,-42.85317,-63.990591,,0,68,128,48,0
77934713,1080,sur,H1,1,0,0,14,8,0,23,10,0,0,0,0,10,10,10,26,0,-42.852026,-63.987329,,0,26,23,10,0
77934712,1081,sur,H1,1,0,0,17,6,0,24,11,0,0,0,0,11,11,11,0,0,-42.852157,-63.987889,,0,0,24,11,0
77934710,1083,sur,H1,1,0,0,21,12,0,34,4,0,0,0,0,4,4,4,1,0,-42.852004,-63.987113,,0,1,34,4,0
77934709,1084,sur,H1,1,0,0,9,5,0,15,2,0,0,0,0,2,2,2,0,0,-42.851796,-63.986407,,0,0,15,2,0
77934705,1086,sur,PS,1,0,0,1,0,0,2,0,0,0,0,0,0,0,0,0,0,-42.851041,-63.982383,,0,0,2,0,0
77934704,1087,sur,S,0,0,2,0,0,0,2,0,0,0,0,0,0,0,0,0,0,-42.850742,-63.967325,,0,0,2,0,0
77934707,1091,sur,H1,1,0,2,2,2,0,7,0,0,0,0,0,0,0,0,0,0,-42.847903,-63.96457,,0,0,7,0,0
77934707,1091,sur,H2,1,0,0,6,1,0,8,0,0,0,0,0,0,0,0,0,0,-42.84778,-63.964166,,0,0,8,0,0
77934707,1091,sur,H3,1,0,0,10,5,0,16,0,0,0,0,0,0,0,1,0,0,-42.847633,-63.96363,,0,0,16,0,0
77934698,1094,sur,H1,1,0,0,46,32,0,79,14,3,0,0,0,17,17,20,0,0,-42.847312,-63.962609,,0,0,79,17,0
77934696,1096,sur,H1,1,0,1,37,30,1,70,2,2,0,0,0,4,4,6,0,0,-42.847038,-63.961526,,0,0,70,4,0
77934694,1098,sur,H1,1,0,1,10,8,0,20,2,0,0,0,0,2,2,2,0,0,-42.846179,-63.957523,,0,0,20,2,0
77934693,1099,sur,H1,1,0,0,40,31,3,75,2,1,0,1,0,3,4,6,16,0,-42.845935,-63.95641,,0,16,75,4,0
77934692,1101,sur,H1,1,0,0,9,5,0,15,0,0,0,0,0,0,0,0,0,0,-42.845732,-63.955295,,0,0,15,0,0
77934690,1103,sur,H1,1,0,3,36,30,0,70,3,0,0,0,0,3,3,3,0,0,-42.845338,-63.953665,,0,0,70,3,0
77934685,1107,sur,H1,1,0,0,67,48,3,119,6,2,0,0,0,8,8,10,7,0,-42.84448,-63.950188,,0,7,119,8,0
77934684,1108,sur,H2,1,0,0,3,0,1,5,2,0,0,0,0,2,2,2,0,0,-42.84448,-63.950188,,0,0,5,2,0
77934683,1109,sur,H1,1,0,0,11,4,0,16,25,1,0,0,1,27,27,2,77,0,-42.844103,-63.948034,,0,77,16,27,0
77934682,1110,sur,H1,1,0,0,53,33,1,88,10,5,0,0,0,15,15,20,62,0,-42.843561,-63.947225,,0,62,88,15,0
77934681,1111,sur,H1,1,0,0,3,1,0,5,0,0,0,0,0,0,0,0,0,0,-42.843015,-63.942732,,0,0,5,0,0
77934681,1111,sur,H2,1,0,0,12,11,2,26,4,1,0,0,0,5,5,6,3,0,-42.842979,-63.942604,,0,3,26,5,0
77934681,1111,sur,H3,1,0,0,20,14,1,36,2,0,0,0,0,2,2,2,0,0,-42.842907,-63.942455,,0,0,36,2,2
77934680,1112,sur,H1,1,0,1,45,25,5,77,8,1,0,0,0,9,9,0,0,353,-42.84283,-63.941928,,353,0,77,9,0
77934678,1114,sur,H1,1,0,0,63,40,1,105,14,1,0,0,0,15,15,1,4,454,-42.842458,-63.938512,,454,4,105,15,1
77934676,1116,sur,S,0,0,0,4,3,1,8,2,1,0,0,0,3,3,0,0,72,-42.84234,-63.936718,,72,0,8,3,0
77934674,1118,sur,H1,1,0,0,29,14,0,44,18,2,0,0,0,20,20,0,0,181,-42.842148,-63.934576,,181,0,44,20,0
77934672,1120,sur,S,0,0,2,0,0,0,2,0,0,0,0,0,0,0,0,0,0,-42.842238,-63.931208,,0,0,2,0,0
77934671,1121,sur,H1,1,0,0,25,12,1,39,3,1,0,0,0,4,4,0,0,4,-42.842173,-63.929088,,4,0,39,4,0
77934669,1124,sur,H1,1,0,0,36,14,2,53,7,0,0,0,0,7,7,0,0,0,-42.842257,-63.927457,,0,0,53,7,0
77934666,1127,sur,H1,1,0,1,36,23,0,61,5,1,0,0,0,6,6,0,0,0,-42.842843,-63.92265,,0,0,61,6,0
77934664,1129,sur,H1,1,0,3,80,47,2,133,18,8,0,0,0,26,26,0,0,0,-42.842782,-63.922833,,0,0,133,26,0
77934663,1130,sur,H1,1,0,1,64,36,6,108,13,6,0,0,0,19,19,0,41,0,-42.843516,-63.920608,,0,41,108,20,0
77934660,1133,sur,H1,1,0,1,3,0,14,19,1,2,1,0,0,3,4,1,2,0,-42.843388,-63.918701,,0,2,19,4,1
77934650,1138,sur,GH,2,0,2,74,43,3,124,29,3,0,0,1,33,33,0,39,0,-42.842605,-63.916691,,0,39,124,33,0
77934650,1138,sur,S,0,0,0,2,0,0,2,0,0,0,0,0,0,0,0,0,0,-42.842605,-63.916691,,0,0,2,0,0
77934655,1140,sur,S,0,0,5,0,0,0,5,0,0,0,0,0,0,0,0,0,0,-42.837435,-63.908483,,0,0,5,0,0
77934654,1141,sur,H1,1,0,2,22,5,1,31,5,0,0,0,0,5,5,1,0,0,-42.836823,-63.906927,,0,0,31,5,1
77934652,1143,sur,H1,1,0,0,12,7,2,22,5,1,0,0,1,7,7,0,7,0,-42.83664,-63.904522,,0,7,22,7,0
77934648,1144,sur,H1,1,0,3,34,20,2,60,6,2,0,0,0,8,8,1,20,0,-42.836447,-63.901175,,0,20,60,8,1
77934645,1147,sur,H1,1,0,0,2,0,1,4,3,1,0,0,0,4,4,0,0,0,-42.836214,-63.896698,,0,0,4,4,0
77934635,1151,sur,H1,1,0,2,96,74,4,177,8,4,0,0,0,12,12,0,2,221,-42.836301,-63.894539,,221,2,177,12,0
77934640,1153,sur,H1,1,0,1,20,8,1,31,3,3,0,0,1,7,7,0,126,0,-42.836347,-63.892897,,0,126,31,7,0
77934639,1154,sur,S,0,0,0,0,0,0,0,0,0,1,0,0,0,1,0,18,0,-42.835925,-63.890681,,0,18,0,1,0
77934638,1155,sur,S,0,0,1,0,0,1,2,1,0,0,0,0,1,1,1,2,0,-42.835643,-63.888784,,0,2,2,1,1
77934636,1157,sur,H1,1,0,1,45,24,1,72,8,5,0,0,0,13,13,1,11,0,-42.835416,-63.88509,,0,11,72,13,1
77934633,1159,sur,H1,1,0,1,22,14,2,40,1,0,0,0,0,1,1,1,14,0,-42.835336,-63.883721,,0,14,40,1,1
77934632,1160,sur,H1,1,0,2,31,13,3,50,3,3,0,0,0,6,6,0,0,0,-42.8351,-63.882159,,0,0,50,6,0
77934630,1162,sur,H1,1,0,0,37,19,8,65,5,4,0,0,0,9,9,3,2,0,-42.834956,-63.880479,,0,2,65,9,3
77934629,1163,sur,H1,1,0,0,15,6,2,24,1,0,0,0,0,1,1,0,0,0,-42.834855,-63.878555,,0,0,24,1,0
77934628,1164,sur,H1,1,0,4,24,15,0,44,2,4,0,0,0,6,6,0,0,0,-42.835719,-63.876066,,0,0,44,6,0
77934626,1165,sur,H1,1,0,1,4,2,0,8,0,0,0,0,0,0,0,0,0,0,-42.835627,-63.875261,,0,0,8,0,0
77934626,1165,sur,H2,1,0,3,3,0,0,7,0,0,0,0,0,0,0,0,0,0,-42.835627,-63.875261,,0,0,7,0,0
77934626,1165,sur,S,0,0,4,0,0,0,4,0,0,0,0,0,0,0,0,0,0,-42.835627,-63.875261,,0,0,4,0,0
77934622,1169,sur,PS,1,0,1,1,0,0,3,0,0,0,0,0,0,0,0,0,0,-42.833759,-63.872546,,0,0,3,0,0
77934622,1169,sur,S,0,0,1,0,0,0,1,0,0,0,0,0,0,0,0,0,0,-42.833759,-63.872547,,0,0,1,0,0
77934745,1171,sur,H1,1,0,2,42,22,1,68,1,0,0,0,0,1,1,0,0,0,-42.832147,-63.870202,,0,0,68,1,0
77934744,1172,sur,S,0,0,1,0,0,0,1,0,0,0,0,0,0,0,0,0,0,-42.83178,-63.868914,,0,0,1,0,0
77934743,1173,sur,H1,1,0,0,41,21,9,72,2,0,0,0,0,2,2,0,0,0,-42.831486,-63.867375,,0,0,72,2,0
77934741,1175,sur,GH,3,0,2,83,65,11,164,19,3,1,0,1,23,24,0,10,0,-42.830985,-63.865119,,0,10,164,24,0
77934739,1177,sur,H1,1,0,2,19,10,0,32,23,8,0,0,1,32,32,0,85,0,-42.830311,-63.862231,,0,85,32,32,0
77934738,1178,sur,H1,1,0,0,22,13,0,36,10,0,0,0,1,11,11,0,102,64,-42.830147,-63.861492,,64,102,36,11,0
77934737,1180,sur,H1,1,0,0,4,2,0,7,0,1,0,0,0,1,1,0,6,0,-42.829802,-63.860492,,0,6,7,1,0
77934874,1181,sur,H1,1,0,2,20,13,2,38,0,0,0,0,0,0,0,0,1,0,-42.830466,-63.862773,,0,1,38,0,0
77934880,1182,sur,H1,1,0,0,53,29,9,92,9,0,0,0,0,9,9,0,1,606,-42.829215,-63.857104,,606,1,92,9,0
77934880,1182,sur,H2,1,0,1,9,7,1,19,2,0,0,0,0,2,2,0,0,0,-42.829215,-63.857104,,0,0,19,2,0
77934877,1185,sur,H1,1,0,0,32,25,4,62,1,0,0,0,0,1,1,0,2,140,-42.828137,-63.852006,,140,2,62,1,0
77934876,1186,sur,S,0,0,0,0,0,0,0,3,1,0,0,0,4,4,1,23,75,-42.82789,-63.850679,,75,23,0,4,1
77934875,1187,sur,H1,1,0,2,6,4,0,13,0,0,0,0,0,0,0,0,0,45,-42.827855,-63.849406,,45,0,13,0,0
77934871,1189,sur,S,0,0,0,1,1,0,2,0,0,0,0,0,0,0,0,0,192,-42.828405,-63.845632,,192,0,2,0,0
77934869,1191,sur,GH,2,0,1,41,28,6,78,3,1,0,0,1,5,5,2,0,454,-42.82865,-63.844891,,454,0,78,5,2
77934873,1193,sur,S,0,0,9,0,0,0,9,1,0,1,0,0,1,2,0,115,0,-42.829077,-63.84369,,0,115,9,2,0
77934864,1196,sur,H1,1,0,2,73,44,17,137,6,1,0,0,0,7,7,1,0,0,-42.826265,-63.840567,,0,0,137,7,1
77934863,1197,sur,S,0,0,0,0,0,11,11,0,0,0,0,0,0,0,0,0,0,-42.825745,-63.839324,,0,0,11,0,0
77934863,1197,sur,PS,1,0,0,1,1,0,3,0,0,0,0,0,0,0,0,0,0,-42.825745,-63.839324,,0,0,3,0,0
77934862,1198,sur,H1,1,0,1,44,27,7,80,1,0,0,0,0,1,1,1,0,0,-42.824904,-63.836626,,0,0,80,1,1
77934867,1199,sur,H1,1,0,0,4,1,0,6,0,0,0,0,0,0,0,0,0,0,-42.825255,-63.837798,,0,0,6,0,0
77934860,1200,sur,H1,1,0,0,2,0,0,3,0,0,0,0,0,0,0,1,0,0,-42.825079,-63.837194,,0,0,3,0,1
77934859,1201,sur,PS,1,0,0,1,0,0,2,0,0,0,0,0,0,0,0,0,0,-42.824166,-63.833041,,0,0,2,0,0
77934858,1202,sur,S,0,0,2,0,0,0,2,0,0,0,0,0,0,0,0,0,0,-42.824000,-63.831466,,0,0,2,0,0
77934858,1202,sur,H1,1,0,0,14,3,1,19,0,1,0,0,0,1,1,0,0,0,-42.824013,-63.831969,,0,0,19,1,0
77934856,1204,sur,H1,1,0,2,62,37,1,103,1,0,0,0,0,1,1,0,0,0,-42.823902,-63.828765,,0,0,103,1,0
77934849,1208,sur,S,0,0,1,0,0,0,1,0,0,0,0,0,0,0,0,0,0,-42.822483,-63.817132,,0,0,1,0,0
77934854,1209,sur,S,0,0,6,2,0,0,8,0,0,0,0,0,0,0,0,0,0,-42.82313,-63.815456,,0,0,8,0,0
77934843,1213,sur,H1,1,0,3,5,1,0,10,0,0,0,0,0,0,0,3,145,0,-42.818657,-63.806679,,0,145,10,0,3
77934846,1216,sur,H1,1,0,0,41,35,5,82,1,0,0,0,0,1,1,1,61,0,-42.818361,-63.805675,,0,61,82,1,1
77934841,1220,sur,H1,1,0,0,29,19,0,49,19,0,0,0,0,19,19,1,1,0,-42.817505,-63.800616,,0,1,49,19,1
77934838,1223,sur,H1,1,0,0,13,4,0,18,5,0,1,0,0,5,6,0,105,0,-42.816931,-63.799409,,0,105,18,6,0
77969792,1226,sur,H1,1,0,1,11,7,0,20,1,1,0,0,0,2,2,1,42,0,-42.81563,-63.796422,,0,42,20,2,1
77969798,1227,sur,H1,1,0,1,18,11,0,31,6,2,0,0,0,8,8,5,81,0,-42.81548,-63.795961,,0,81,31,8,5
77969795,1230,sur,S,0,0,1,2,0,0,3,1,0,0,0,0,1,1,0,296,0,-42.815057,-63.794221,,0,296,3,1,0
77969793,1232,sur,H1s/m,0,0,0,9,3,0,12,3,0,0,0,0,3,3,2,0,0,-42.813699,-63.786949,,0,0,12,3,2
77969788,1235,sur,H1,0,1,0,24,18,0,42,4,0,0,0,0,4,4,2,4,0,-42.813303,-63.783642,,0,4,42,4,2
77969791,1240,sur,H1,1,0,1,19,15,0,36,1,1,0,0,0,2,2,0,0,0,-42.812881,-63.779074,,0,0,36,2,0
77969782,1242,sur,H1,1,0,0,2,0,0,3,0,0,0,0,0,0,0,0,0,0,-42.812611,-63.777531,,0,0,3,0,0
77969781,1243,sur,H1,1,0,0,5,1,0,7,0,0,0,0,0,0,0,0,0,0,-42.812386,-63.776145,,0,0,7,0,0
77969778,1246,sur,H1,1,0,2,66,42,8,119,10,1,0,0,0,11,11,0,28,0,-42.812439,-63.771017,,0,28,119,11,0
77969772,1251,sur,H1,1,0,2,66,45,4,118,7,2,0,1,1,10,11,0,13,0,-42.811967,-63.765699,,0,13,118,11,0
77969769,1254,sur,S,0,0,0,1,1,0,2,0,0,0,0,0,0,0,0,0,0,-42.810819,-63.762143,,0,0,2,0,0
77969775,1256,sur,H1,1,0,1,5,0,0,7,0,0,0,0,0,0,0,1,0,0,-42.810378,-63.758242,,0,0,7,0,1
77969767,1257,sur,H1,1,0,2,35,22,0,60,4,1,0,0,0,5,5,0,0,0,-42.810232,-63.755649,,0,0,60,5,0
77969764,1260,sur,H1,1,0,2,4,0,0,7,0,0,0,0,0,0,0,4,0,0,-42.809894,-63.752081,,0,0,7,0,4
77969760,1264,sur,PS,1,0,0,1,0,0,2,0,0,0,0,0,0,0,0,0,0,-42.811013,-63.74128,,0,0,2,0,0
77969755,1269,sur,H1,1,0,0,8,7,0,16,7,0,0,0,0,7,7,1,0,0,-42.8133,-63.738378,,0,0,16,7,1
77969748,1271,sur,S,0,0,2,1,0,1,4,10,0,0,0,0,10,10,6,0,0,-42.813086,-63.736486,,0,0,4,10,6
77969752,1273,sur,H1s/m,0,0,0,8,3,0,11,0,0,0,0,0,0,0,0,0,0,-42.81266,-63.732482,,0,0,11,0,0
77969749,1276,sur,H1,1,0,0,10,4,0,15,4,0,0,0,0,4,4,0,0,0,-42.812363,-63.731984,,0,0,15,4,0
77969749,1276,sur,H2,1,0,0,9,4,0,14,15,0,0,0,0,15,15,0,0,0,-42.812052,-63.731724,,0,0,14,15,0
77969747,1277,sur,H1,1,0,1,14,7,0,23,5,0,0,0,0,5,5,5,0,0,-42.811037,-63.729553,,0,0,23,5,5
77969745,1279,sur,S,0,0,1,0,0,0,1,0,0,0,0,0,0,0,1,0,0,-42.811161,-63.727835,,0,0,1,0,1
77969744,1280,sur,S,0,0,3,0,0,0,3,0,0,0,0,0,0,0,0,0,0,-42.811068,-63.726805,,0,0,3,0,0
77969743,1281,sur,H1,1,0,4,5,0,0,10,0,0,0,0,0,0,0,0,0,0,-42.810794,-63.725945,,0,0,10,0,0
77969742,1282,sur,S,0,0,2,0,0,0,2,0,0,0,0,0,0,0,0,0,0,-42.810695,-63.725759,,0,0,2,0,0
77969739,1283,sur,S,0,0,1,0,0,0,1,0,0,0,0,0,0,0,0,0,0,-42.80963,-63.724505,,0,0,1,0,0
77969738,1284,sur,H1,1,0,1,7,3,0,12,3,1,0,0,0,4,4,1,61,0,-42.808144,-63.723167,,0,61,12,4,1
77969737,1285,sur,H1,1,0,0,63,28,0,92,51,1,0,2,0,52,54,5,75,0,-42.807233,-63.722034,,0,75,92,54,5
77969731,1292,sur,H1,1,0,1,24,21,2,49,3,0,0,0,0,3,3,0,7,0,-42.803934,-63.710795,,0,7,49,3,0
77969730,1293,sur,S,0,0,1,0,0,0,1,0,0,0,0,0,0,0,0,0,0,-42.80255,-63.707754,,0,0,1,0,0
77969725,1295,sur,H1,1,0,1,20,16,7,45,9,1,1,1,1,11,13,4,24,0,-42.802086,-63.707191,,0,24,45,13,4
77969727,1298,sur,H1,1,0,0,2,2,1,6,0,1,0,0,0,1,1,0,0,0,-42.801573,-63.705443,,0,0,6,1,0
77969727,1298,sur,S,0,0,1,1,0,0,2,20,5,0,0,0,25,25,1,0,0,-42.801605,-63.705515,,0,0,2,25,1
77969726,1299,sur,H1,1,0,0,56,33,2,92,18,2,0,0,0,20,20,1,0,0,-42.800528,-63.70478,,0,0,92,20,1
77969719,1302,sur,H1,1,0,0,32,19,0,52,6,2,0,0,0,8,8,0,12,0,-42.7987,-63.703618,,0,12,52,8,0
77969723,1304,sur,H1,1,0,0,31,18,0,50,9,4,0,0,0,13,13,0,6,0,-42.796873,-63.700954,,0,6,50,13,0
77969718,1306,sur,PS,1,0,0,1,0,0,2,1,0,0,0,0,1,1,0,0,0,-42.795682,-63.698057,,0,0,2,1,0
77969716,1308,sur,H1,1,0,1,27,19,1,49,8,1,0,0,0,9,9,1,12,0,-42.795337,-63.695787,,0,12,49,9,1
77969715,1309,sur,GH,3,0,4,124,82,2,215,28,8,0,0,1,37,37,2,21,0,-42.794932,-63.69387,,0,21,215,37,2
77969712,1314,sur,H1,1,0,2,81,55,6,145,17,5,0,0,2,24,24,0,49,0,-42.794244,-63.691067,,0,49,145,24,0
77969711,1315,sur,H1,1,0,0,37,23,1,62,6,1,0,0,0,7,7,0,37,0,-42.793438,-63.68868,,0,37,62,7,0
77969709,1317,sur,H1,1,0,2,37,27,0,67,17,0,0,0,0,17,17,0,39,0,-42.792901,-63.685824,,0,39,67,17,0
77969706,1318,sur,H1,1,0,0,5,1,0,7,0,0,0,0,0,0,0,1,0,0,-42.79276,-63.684733,,0,0,7,0,1
77969704,1320,sur,H1,1,0,3,58,1,0,63,3,2,0,0,0,5,5,1,32,0,-42.792542,-63.682027,,0,32,63,5,1
77969704,1320,sur,S,0,0,1,0,0,0,1,0,0,0,0,0,0,0,0,0,0,-42.792055,-63.680639,,0,0,1,0,0
77969702,1322,sur,H1,1,0,0,44,32,2,79,0,0,0,0,0,0,0,2,109,0,-42.792508,-63.679351,,0,109,79,0,2
77969702,1322,sur,H2,1,0,0,11,10,3,25,4,0,0,0,0,4,4,0,119,0,-42.792546,-63.678711,,0,119,25,4,0
77969698,1326,sur,H1,1,0,0,1,0,1,3,2,0,0,1,0,2,3,0,76,0,-42.79221,-63.678107,,0,76,3,3,0
77969698,1326,sur,S,0,0,0,0,0,0,0,3,0,0,0,0,3,3,0,0,0,-42.79221,-63.678107,,0,0,0,3,0
77969698,1326,sur,H2,1,0,0,59,42,3,105,10,7,0,0,0,17,17,0,85,0,-42.79143,-63.678137,,0,85,105,17,0
77969697,1327,sur,H1,0,1,2,24,19,3,48,10,0,0,0,0,10,10,1,38,0,-42.790533,-63.678277,,0,38,48,10,1
77969692,1330,sur,H1,1,0,3,25,14,9,52,9,4,0,0,0,13,13,1,25,0,-42.788367,-63.677277,,0,25,52,13,1
77969690,1332,sur,H1,1,0,1,11,9,0,22,1,0,0,0,0,1,1,0,1,0,-42.785789,-63.673358,,0,1,22,1,0
77969694,1333,sur,H1,1,0,2,53,38,0,94,10,9,0,0,0,19,19,0,45,0,-42.784559,-63.671092,,0,45,94,19,0
77969689,1336,sur,H1,1,0,2,62,40,4,109,9,3,0,1,0,12,13,1,45,0,-42.784133,-63.669574,,0,45,109,13,1
77969801,1338,sur,H1,1,0,0,31,20,5,57,6,2,0,0,0,8,8,3,33,0,-42.782865,-63.666361,,0,33,57,8,3
77969800,1339,sur,H1,1,0,0,21,12,4,38,6,0,0,0,1,7,7,0,192,0,-42.782204,-63.6658,,0,192,38,7,0
77969858,1341,sur,H1,1,0,2,57,40,2,102,17,4,0,0,0,21,21,1,52,0,-42.781234,-63.665537,,0,52,102,21,1
77969861,1343,sur,H1,1,0,0,13,9,1,24,9,7,0,0,0,16,16,0,49,0,-42.78033,-63.664938,,0,49,24,16,0
77969860,1344,sur,H1,1,0,1,27,14,0,43,14,8,0,0,0,22,22,0,8,0,-42.779169,-63.664325,,0,8,43,22,0
77969856,1345,sur,H1,1,0,6,12,2,0,21,2,0,0,0,1,3,3,0,0,0,-42.777422,-63.659709,,0,0,21,3,0
77969854,1347,sur,S,0,0,0,1,0,0,1,0,2,0,0,1,3,3,1,6,0,-42.778313,-63.655743,,0,6,1,3,1
77969853,1348,sur,S,0,0,3,0,0,0,3,0,0,0,0,0,0,0,0,75,0,-42.779050,-63.655379,,0,75,3,0,0
77969852,1349,sur,S,0,0,1,1,0,0,2,0,0,0,0,0,0,0,0,0,0,-42.778791,-63.654522,,0,0,2,0,0
77969848,1350,sur,H1,1,0,2,27,16,1,47,0,2,0,0,0,2,2,1,0,0,-42.778308,-63.654628,,0,0,47,2,1
77969848,1350,sur,H2,1,0,0,13,10,0,24,13,0,0,1,0,13,14,0,0,0,-42.778053,-63.654031,,0,0,24,14,0
77969850,1354,sur,H1,1,0,0,28,15,0,44,22,6,0,0,0,28,28,1,3,0,-42.776944,-63.653468,,0,3,44,28,1
77969849,1355,sur,H1,1,0,0,39,25,1,66,53,9,0,0,0,62,62,4,32,0,-42.774387,-63.651904,,0,32,66,62,4
77969844,1357,sur,H2,1,0,0,47,25,0,73,29,8,0,0,0,37,37,0,23,0,-42.772228,-63.649671,,0,23,73,37,0
77969843,1358,sur,H3,1,0,2,46,34,1,84,5,2,0,0,0,7,7,0,0,0,-42.7715,-63.648555,,0,0,84,7,0
77969842,1359,sur,H1,1,0,1,29,16,1,48,7,1,0,0,0,8,8,0,0,0,-42.771191,-63.648086,,0,0,48,8,0
77969835,1361,sur,H1,1,0,1,12,7,0,21,2,0,0,0,0,2,2,1,0,0,-42.770041,-63.646122,,0,0,21,2,1
77969839,1363,sur,S,0,0,1,0,0,0,1,0,0,0,0,0,0,0,0,0,0,-42.769709,-63.642333,,0,0,1,0,0
77969838,1364,sur,S,0,0,3,0,0,0,3,0,0,0,0,0,0,0,0,0,0,-42.769499,-63.641318,,0,0,3,0,0
77969837,1365,sur,H1,1,0,5,11,5,0,22,1,0,0,0,0,1,1,0,0,0,-42.768355,-63.640288,,0,0,22,1,0
77969837,1365,sur,S,0,0,3,0,0,0,3,0,0,0,0,0,0,0,0,0,0,-42.76915,-63.638746,,0,0,3,0,0
77969829,1367,sur,H2,1,0,3,46,29,5,84,0,1,0,0,0,1,1,0,25,0,-42.768306,-63.637664,,0,25,84,1,0
77969829,1367,sur,S,0,0,0,1,0,0,1,0,0,0,0,0,0,0,0,0,0,-42.768894,-63.637191,,0,0,1,0,0
77969832,1370,sur,H1,0,1,0,2,1,0,3,0,0,0,0,0,0,0,0,0,0,-42.766834,-63.635367,,0,0,3,0,0
77969832,1370,sur,S,0,0,2,0,0,0,2,0,0,0,0,0,0,0,0,0,0,-42.766834,-63.635367,,0,0,2,0,0
77969830,1372,sur,H1,1,0,1,4,2,1,9,0,0,0,0,0,0,0,1,3,0,-42.765483,-63.63407,,0,3,9,0,1
77969830,1372,sur,S,0,0,1,0,0,0,1,0,0,0,0,0,0,0,0,0,0,-42.765483,-63.63407,,0,0,1,0,0
77969828,1374,sur,H1,1,0,0,78,53,6,138,6,4,0,0,0,10,10,0,46,0,-42.764166,-63.632899,,0,46,138,10,0
77969827,1375,sur,GH,3,0,3,137,73,6,222,29,7,0,0,0,36,36,0,35,0,-42.762585,-63.633239,,0,35,222,36,0
77969826,1376,sur,H1,1,0,1,25,15,0,42,3,0,0,0,0,3,3,0,5,0,-42.760396,-63.632324,,0,5,42,3,0
77969825,1377,sur,H1,1,0,1,27,11,1,41,8,1,0,0,0,9,9,1,8,0,-42.759213,-63.631031,,0,8,41,9,1
77969819,1379,sur,GH,3,0,3,115,59,3,183,99,17,0,0,2,118,118,4,88,0,-42.75719,-63.630047,,0,88,183,118,4
77969818,1380,sur,S,0,0,2,0,0,0,2,0,0,0,0,0,0,0,0,0,0,-42.757485,-63.629644,,0,0,2,0,0
77969817,1381,sur,H1,1,0,0,17,7,0,25,6,7,0,0,0,13,13,0,0,0,-42.756185,-63.630502,,0,0,25,13,0
77969822,1383,sur,GH,3,0,0,36,13,2,54,60,29,3,1,0,89,93,1,56,0,-42.754325,-63.630932,,0,56,54,93,1
78660838,1390,sur,H1,1,0,0,47,21,1,70,11,2,0,0,0,13,13,4,26,0,-42.746744,-63.680725,,0,26,70,13,4
78667709,1392,sur,H1,1,0,0,5,5,0,11,0,0,0,0,0,0,0,0,22,0,-42.740089,-63.631313,,0,22,11,0,0
78667709,1392,sur,PS,1,0,0,1,1,0,3,0,0,0,0,0,0,0,0,0,0,-42.739758,-63.630723,,0,0,3,0,0
78667711,1394,sur,S,0,0,1,0,0,0,1,0,0,0,0,0,0,0,2,308,0,-42.739686,-63.630688,,0,308,1,0,2
78667713,1396,sur,PS,1,0,0,1,1,0,3,0,0,0,0,0,0,0,0,0,0,-42.73667,-63.637044,,0,0,3,0,0
78667713,1396,sur,S,0,0,1,0,0,0,1,0,0,0,0,0,0,0,0,0,0,-42.73569,-63.637559,,0,0,1,0,0
78672627,1400,sur,H1s/m,0,0,0,7,2,0,9,0,3,1,0,0,3,4,6,45,0,-42.730115,-63.637989,,0,45,9,4,6
78673745,1402,sur,H1,1,0,0,18,4,1,24,7,0,0,0,0,7,7,3,66,0,-42.728915,-63.638086,,0,66,24,7,3
78673747,1404,sur,H1,1,0,0,7,1,0,9,4,2,0,0,0,6,6,4,17,0,-42.726175,-63.638076,,0,17,9,6,4
78673749,1406,sur,H1,1,0,0,21,3,0,25,1,1,0,0,0,2,2,14,38,0,-42.724375,-63.637808,,0,38,25,2,14
78674883,1407,sur,H1,1,0,0,8,4,0,13,2,0,0,1,0,2,3,5,21,0,-42.724106,-63.637796,,0,21,13,3,5
78674884,1408,sur,H1,1,0,0,7,5,0,13,3,0,0,0,0,3,3,2,8,0,-42.72258,-63.63743,,0,8,13,3,2
78674884,1408,sur,H2,1,0,0,3,1,0,5,1,0,0,0,0,1,1,0,5,0,-42.72258,-63.63743,,0,5,5,1,0
78674885,1409,sur,S,0,0,0,1,0,0,1,0,0,0,0,0,0,0,0,0,0,-42.721973,-63.637273,,0,0,1,0,0
78674887,1411,sur,H1s/m,0,0,0,6,3,0,9,2,0,0,0,0,2,2,0,0,0,-42.720837,-63.63728,,0,0,9,2,0
78675580,1418,sur,H1,1,0,0,16,15,0,32,0,0,0,0,0,0,0,2,11,0,-42.714667,-63.640812,,0,11,32,0,2
78675582,1420,sur,H1s/m,0,0,0,4,1,0,5,0,1,0,0,0,1,1,1,0,0,-42.712495,-63.640781,,0,0,5,1,1
78675595,1422,sur,H1,1,0,0,6,5,0,12,0,0,0,0,0,0,0,0,0,0,-42.709072,-63.6413,,0,0,12,0,0
78675596,1423,sur,S,0,0,2,0,0,0,2,0,0,0,0,0,0,0,0,0,0,-42.707736,-63.640844,,0,0,2,0,0
78675598,1425,sur,H1,1,0,1,8,3,0,13,1,0,0,0,0,1,1,0,13,0,-42.704173,-63.639396,,0,13,13,1,0
78675699,1427,sur,H1,1,0,0,10,3,0,14,2,2,0,0,0,4,4,0,0,0,-42.702444,-63.639918,,0,0,14,4,0
78675703,1431,sur,H1,1,0,0,9,6,0,16,1,0,0,0,0,1,1,2,0,0,-42.69953,-63.639609,,0,0,16,1,2
78675803,1432,sur,H1s/m,0,0,0,26,13,0,39,7,0,0,0,0,7,7,0,1,0,-42.698091,-63.638951,,0,1,39,7,0
78675804,1433,sur,H1,1,0,0,6,6,0,13,1,0,1,0,0,1,2,0,0,0,-42.697103,-63.638296,,0,0,13,2,0
78675805,1434,sur,H1s/m,0,0,0,3,2,0,5,0,0,0,0,0,0,0,0,0,0,-42.695863,-63.637384,,0,0,5,0,0
78675807,1436,sur,PS,1,0,0,1,0,0,2,0,0,0,0,0,0,0,0,0,0,-42.69403,-63.635896,,0,0,2,0,0
78675855,1439,sur,S,0,0,1,0,0,0,1,0,0,0,0,0,0,0,0,0,0,-42.689944,-63.631879,,0,0,1,0,0
78675856,1440,sur,,0,0,0,0,0,0,0,0,0,0,0,0,0,0,2,4,0,-42.689161,-63.631432,,0,4,0,0,2
78675857,1441,sur,H1,1,0,0,22,9,1,33,10,0,0,0,0,10,10,0,2,0,-42.689093,-63.631436,,0,2,33,10,0
78675858,1442,sur,H1,1,0,1,35,14,2,53,6,2,0,0,0,8,8,0,0,0,-42.688783,-63.631274,,0,0,53,8,0
78675859,1443,sur,H1,1,0,0,24,13,0,38,11,0,0,0,0,11,11,0,26,0,-42.688651,-63.631168,,0,26,38,11,0
78676479,1445,sur,H1,1,0,0,22,9,0,32,11,2,0,1,0,13,14,4,22,0,-42.686039,-63.629983,,0,22,32,14,4
78676480,1446,sur,H1s/m,0,0,0,2,0,1,3,0,0,0,0,0,0,0,0,0,0,-42.685447,-63.629665,,0,0,3,0,0
78676482,1448,sur,H1,1,0,0,48,23,0,72,12,2,0,0,0,14,14,0,5,0,-42.68399,-63.628627,,0,5,72,14,0
78676483,1449,sur,H1,1,0,0,50,28,1,80,7,0,0,0,1,8,8,1,8,0,-42.683016,-63.627998,,0,8,80,8,1
78676539,1451,sur,H1,1,0,0,35,21,1,58,10,1,0,0,0,11,11,3,1,0,-42.682054,-63.62742,,0,1,58,11,3
78676540,1452,sur,H1,1,0,0,2,1,0,4,1,0,0,0,0,1,1,1,0,0,-42.681407,-63.626964,,0,0,4,1,1
78676541,1453,sur,H1,1,0,0,36,12,2,51,11,2,0,0,1,14,14,5,50,0,-42.680563,-63.626607,,0,50,51,14,5
78676542,1454,sur,H1s/m,0,0,0,6,1,0,7,4,0,1,0,0,4,5,1,3,0,-42.679693,-63.626296,,0,3,7,5,1
78692540,1456,sur,H1,1,0,1,6,2,0,10,3,0,0,0,0,3,3,0,0,0,-42.678026,-63.625166,,0,0,10,3,0
78692541,1457,sur,H1,1,0,0,26,12,0,39,17,0,0,0,0,17,17,0,0,0,-42.676104,-63.622301,,0,0,39,17,0
78692544,1460,sur,H1,1,0,1,13,5,1,21,3,0,0,0,0,3,3,0,0,0,-42.673216,-63.621784,,0,0,21,3,0
78692860,1464,sur,H1,1,0,0,33,10,0,44,3,1,0,1,0,4,5,0,0,6,-42.671323,-63.621158,,6,6,44,5,0
78692862,1466,sur,H1,1,0,0,18,6,0,25,4,0,0,0,0,4,4,0,0,0,-42.669785,-63.620691,,0,0,25,4,0
78692866,1467,sur,H1,1,0,0,26,12,1,40,3,3,0,0,0,6,6,0,0,0,-42.668281,-63.62016,,0,0,40,6,0
78692868,1469,sur,H1s/m,0,0,0,5,2,0,7,0,2,0,0,0,2,2,1,0,0,-42.667068,-63.619558,,0,0,7,2,1
78692869,1470,sur,H1,1,0,0,8,3,0,12,0,0,0,0,0,0,0,0,0,0,-42.665896,-63.618842,,0,0,12,0,0
78692913,1471,sur,S,0,0,1,0,0,0,1,0,0,0,0,0,0,0,2,0,0,-42.665235,-63.618283,,0,0,1,0,2
78692914,1472,sur,H1,1,0,4,4,1,0,10,0,0,0,0,0,0,0,0,0,0,-42.664094,-63.617905,,0,0,10,0,0
78692915,1473,sur,S,0,0,3,0,0,0,3,0,0,0,0,0,0,0,0,0,0,-42.663669,-63.61785,,0,0,3,0,0
78692917,1475,sur,S,0,0,0,0,0,0,0,18,4,1,2,0,22,25,7,5,0,-42.661936,-63.619301,,0,5,0,25,7
78692917,1475,sur,H1,1,0,0,2,2,0,5,4,0,0,0,0,4,4,0,0,0,-42.661364,-63.619387,,0,0,5,4,0
78693401,1477,sur,H1,1,0,0,40,19,0,60,19,8,0,0,0,27,27,2,15,0,-42.660567,-63.619406,,0,15,60,27,2
78693401,1477,sur,PS,1,0,0,1,0,0,2,3,1,0,0,0,4,4,1,5,0,-42.65999,-63.61935,,0,5,2,4,1
78693403,1479,sur,H1,1,0,0,37,9,0,47,12,3,0,0,0,15,15,3,40,0,-42.659101,-63.61915,,0,40,47,15,3
78693404,1480,sur,H1,1,0,1,57,19,0,78,20,1,0,0,0,21,21,0,9,0,-42.65747,-63.618403,,0,9,78,21,0
78693406,1482,sur,H1,1,0,0,39,15,0,55,8,3,0,0,0,11,11,3,8,0,-42.657526,-63.618397,,0,8,55,11,3
78693406,1482,sur,H2s/m,0,0,0,40,10,0,50,20,4,0,0,0,24,24,1,24,0,-42.656309,-63.617734,,0,24,50,24,1
78693413,1485,sur,H1,1,0,0,25,12,0,38,44,2,0,0,0,46,46,0,0,0,-42.654782,-63.616742,,0,0,38,46,0
78693415,1487,sur,H1,1,0,0,10,0,0,11,7,3,0,0,0,10,10,3,27,0,-42.653696,-63.616116,,0,27,11,10,3
78693426,1489,sur,H1,1,0,0,23,5,0,29,15,1,0,0,0,16,16,3,6,0,-42.653067,-63.61556,,0,6,29,16,3
78693427,1490,sur,H1,1,0,0,13,4,0,18,30,7,0,0,0,37,37,6,47,0,-42.652086,-63.61482,,0,47,18,37,6
78693428,1491,sur,H1,1,0,1,20,4,0,26,20,5,0,0,0,25,25,1,23,0,-42.651348,-63.614146,,0,23,26,25,1
78693430,1493,sur,H1,1,0,0,28,13,0,42,29,9,0,0,0,38,38,7,48,0,-42.650496,-63.613397,,0,48,42,38,7
78693431,1494,sur,H1,1,0,0,4,3,0,8,56,10,0,3,0,66,69,5,65,0,-42.649291,-63.612384,,0,65,8,69,5
78693479,1496,sur,GH,2,0,0,64,13,1,80,86,7,0,3,0,93,96,3,18,0,-42.648084,-63.611742,,0,18,80,96,3
78693481,1498,sur,H1,1,0,0,24,13,0,38,22,2,0,0,2,26,26,3,3,0,-42.647531,-63.611426,,0,3,38,26,3
78693481,1498,sur,S,0,0,0,0,0,0,0,19,8,0,0,0,27,27,0,0,0,-42.646697,-63.610929,,0,0,0,27,0
78693482,1499,sur,H1,1,0,0,19,8,0,28,25,3,0,0,0,28,28,2,0,0,-42.646087,-63.610628,,0,0,28,28,2
78693484,1501,sur,H1,1,0,0,25,8,0,34,66,8,0,0,0,74,74,8,67,0,-42.645555,-63.610299,,0,67,34,74,8
78695987,1503,sur,H1,0,1,0,31,12,0,43,86,5,0,0,1,92,92,10,106,0,-42.643561,-63.609263,,0,106,43,92,10
78695989,1505,sur,S,0,0,0,0,0,0,0,1,0,2,0,0,1,3,0,6,0,-42.641806,-63.608622,,0,6,0,3,0
78696002,1508,sur,S,0,0,3,0,0,0,3,0,0,0,0,0,0,0,1,0,0,-42.639275,-63.608051,,0,0,3,0,1
78696004,1510,sur,H1,1,0,0,8,8,0,17,5,3,0,0,0,8,8,0,2,0,-42.638899,-63.607986,,0,2,17,8,0
78696005,1511,sur,H1,1,0,0,12,3,0,16,3,1,0,0,0,4,4,2,3,0,-42.63821,-63.607849,,0,3,16,4,2
78696007,1513,sur,H1,1,0,0,38,17,1,57,10,2,0,0,0,12,12,3,32,0,-42.635552,-63.607109,,0,32,57,12,3
78696404,1514,sur,H1s/m,0,0,0,6,3,0,9,0,0,0,0,0,0,0,2,0,0,-42.634519,-63.606936,,0,0,9,0,2
78696406,1516,sur,H1,1,0,0,18,8,0,27,7,1,0,0,0,8,8,1,14,0,-42.632109,-63.606396,,0,14,27,8,1
78696406,1516,sur,H2,1,0,0,2,0,0,3,0,0,0,0,0,0,0,0,2,0,-42.632109,-63.606396,,0,2,3,0,0
78696407,1417,sur,S,0,0,0,4,2,0,6,0,0,0,0,0,0,0,0,0,0,-42.630849,-63.605872,,0,0,6,0,0
78696408,1418,sur,S,0,0,0,2,0,0,2,0,0,0,0,0,0,0,0,0,0,-42.629343,-63.605135,,0,0,2,0,0
78696409,1419,sur,S,0,0,0,2,0,0,2,0,0,0,0,0,0,0,0,0,0,-42.628598,-63.604661,,0,0,2,0,0
78740921,1520,sur,S,0,0,1,0,0,0,1,0,0,0,0,0,0,0,0,0,0,-42.628162,-63.604385,,0,0,1,0,0
78740922,1521,sur,H1,1,0,0,5,0,0,6,0,0,0,0,0,0,0,2,67,0,-42.627092,-63.603601,,0,67,6,0,2
78740924,1523,sur,S,0,0,0,1,0,0,1,0,0,0,0,0,0,0,0,0,0,-42.625514,-63.601693,,0,0,1,0,0
78740926,1525,sur,H1,1,0,1,21,6,0,29,1,0,0,0,0,1,1,0,20,0,-42.624822,-63.600904,,0,20,29,1,0
88187603,1529,sur,S,0,0,1,0,0,0,1,0,0,0,0,0,0,0,0,0,0,-42.622063,-63.597031,,0,0,1,0,0
88187603,1529,sur,PS,1,0,0,1,0,1,3,0,0,0,0,0,0,0,0,0,0,-42.621773,-63.596519,,0,0,3,0,0
88187604,1530,sur,PS,1,0,0,1,1,0,3,0,0,0,0,0,0,0,0,5,0,-42.621563,-63.596182,,0,5,3,0,0
88187604,1530,sur,S,0,0,1,0,0,0,1,0,0,0,0,0,0,0,1,10,0,-42.621231,-63.595794,,0,10,1,0,1
88187605,1531,sur,H1,1,0,0,2,2,0,5,0,0,0,0,0,0,0,0,0,0,-42.620301,-63.594304,,0,0,5,0,0
88187721,1535,sur,H1,1,0,0,4,3,0,8,1,0,0,0,0,1,1,0,0,0,-42.60633,-63.583584,,0,0,8,1,0
88187723,1537,sur,H1,1,0,0,13,8,0,22,1,0,0,0,0,1,1,0,0,0,-42.602831,-63.586771,,0,0,22,1,0
88187970,1540,sur,H1,1,0,0,30,18,0,49,23,0,1,1,0,23,25,1,26,0,-42.601606,-63.587249,,0,26,49,25,1
88187973,1543,sur,PS,1,0,0,1,1,0,3,0,0,0,0,0,0,0,0,0,0,-42.60115,-63.587384,,0,0,3,0,0
88187974,1544,sur,H1,1,0,0,9,4,0,14,3,2,0,0,0,5,5,0,2,0,-42.600527,-63.587426,,0,2,14,5,0
88187975,1545,sur,H1,0,1,0,9,7,0,16,3,0,0,0,0,3,3,0,6,0,-42.600415,-63.587443,,0,6,16,3,0
88187977,1547,sur,H1,1,0,0,17,7,0,25,5,2,0,0,0,7,7,0,0,0,-42.599368,-63.58733,,0,0,25,7,0
88187979,1549,sur,H1,1,0,1,39,12,0,53,12,3,0,0,0,15,15,2,2,0,-42.597128,-63.586377,,0,2,53,15,2
78779148,1554,sur,S,0,0,0,1,0,0,1,0,0,0,0,0,0,0,0,0,0,-42.592874,-63.585118,,0,0,1,0,0
78779150,1556,sur,PS,1,0,0,1,0,1,3,1,0,0,0,0,1,1,0,0,0,-42.588233,-63.588808,,0,0,3,1,0
78779151,1557,sur,S,0,0,0,0,0,0,0,0,0,1,0,0,0,1,0,0,0,-42.587165,-63.58898,,0,0,0,1,0
78779152,1558,sur,S,0,0,1,0,0,0,1,1,0,0,2,0,1,3,0,13,0,-42.586642,-63.58895,,0,13,1,3,0
78795497,1559,sur,H1,1,0,1,7,2,0,11,13,0,0,1,0,13,14,3,22,0,-42.583527,-63.589462,,0,22,11,14,3
78795499,1561,sur,H1,1,0,0,15,7,0,23,31,7,0,0,0,38,38,3,59,0,-42.581916,-63.589765,,0,59,23,38,3
78795501,1563,sur,H1,1,0,1,27,14,0,43,21,5,0,0,0,26,26,4,11,0,-42.581454,-63.589831,,0,11,43,26,4
78813323,1566,sur,GH,1,0,3,51,18,0,73,96,11,0,0,0,107,107,6,0,0,-42.579457,-63.589749,,0,0,73,107,6
78813325,1568,sur,H1,1,0,0,33,14,0,48,61,9,0,0,0,70,70,3,0,0,-42.578492,-63.589546,,0,0,48,70,3
78847758,1570,sur,GH,2,0,1,43,11,0,57,4,2,0,0,0,6,6,0,0,0,-42.576929,-63.589446,,0,0,57,6,0
78847762,1574,sur,GH,2,0,4,23,10,0,39,109,5,1,0,0,114,115,5,244,0,-42.574151,-63.590348,,0,244,39,115,5
78847763,1575,sur,H1,1,0,0,17,4,0,22,8,0,0,0,0,8,8,1,34,0,-42.572939,-63.590458,,0,34,22,8,1
78879989,1576,sur,H1,1,0,1,18,6,0,26,16,1,0,0,0,17,17,35,0,0,-42.571824,-63.590749,,0,0,26,17,35
78879992,1579,sur,H1,1,0,2,9,3,0,15,5,3,0,0,0,8,8,1,158,0,-42.570749,-63.591199,,0,158,15,8,1
78879993,1580,sur,H1,1,0,0,25,6,0,32,6,1,0,0,0,7,7,3,4,0,-42.570267,-63.591843,,0,4,32,7,3
78879993,1580,sur,S,0,0,1,0,0,0,1,2,0,0,0,0,2,2,0,3,0,-42.569706,-63.592737,,0,3,1,2,0
78879994,1581,sur,H1,1,0,0,5,3,0,9,7,0,0,1,0,7,8,0,19,0,-42.569213,-63.593188,,0,19,9,8,0
78893103,1582,sur,S,0,0,0,2,2,0,4,1,0,0,0,0,1,1,0,0,0,-42.568004,-63.594282,,0,0,4,1,0
78893104,1583,sur,H1,0,1,0,12,6,0,18,12,4,0,1,0,16,17,0,23,0,-42.566209,-63.595631,,0,23,18,17,0
78893105,1584,sur,S,0,0,0,0,0,0,0,1,0,0,0,0,1,1,0,0,0,-42.566335,-63.595518,,0,0,0,1,0
78893106,1585,sur,H1,1,0,0,34,6,1,42,93,9,0,1,0,102,103,11,193,0,-42.56501,-63.596583,,0,193,42,103,11
78893108,1587,sur,S,0,0,0,0,0,0,0,28,3,0,0,0,31,31,0,124,0,-42.563382,-63.59751,,0,124,0,31,0
78903278,1588,sur,H1,1,0,0,19,2,0,22,81,2,0,1,0,83,84,2,137,0,-42.562746,-63.597819,,0,137,22,84,2
78903280,1590,sur,H1s/m,0,0,0,16,3,0,19,20,0,0,0,0,20,20,2,54,5,-42.561376,-63.59838,,5,54,19,20,2
78903280,1590,sur,S,0,0,0,0,0,0,0,9,3,0,0,0,12,12,35,0,0,-42.560897,-63.598617,,0,0,0,12,35
78903282,1592,sur,H1,1,0,0,24,13,1,39,20,0,0,0,1,21,21,3,51,0,-42.560817,-63.598571,,0,51,39,21,3
78903283,1593,sur,H1,1,0,0,26,5,0,32,38,0,0,0,0,38,38,2,35,0,-42.559248,-63.598984,,0,35,32,38,2
78903283,1593,sur,S,0,0,0,0,0,0,0,5,0,0,0,0,5,5,1,10,0,-42.558871,-63.599042,,0,10,0,5,1
78911712,1595,sur,H1,1,0,0,65,25,3,94,11,2,0,0,0,13,13,2,45,0,-42.55709,-63.599414,,0,45,94,13,2
78921892,1600,sur,H1,1,0,0,36,14,0,51,9,0,0,0,0,9,9,0,9,0,-42.554638,-63.600525,,0,9,51,9,0
78921894,1602,sur,H1,1,0,0,50,16,0,67,5,1,0,0,0,6,6,0,29,0,-42.553179,-63.601279,,0,29,67,6,0
78921896,1604,sur,H1,1,0,0,58,16,2,77,14,4,0,0,0,18,18,0,20,0,-42.551587,-63.602045,,0,20,77,18,0
78931714,1607,sur,H1,1,0,0,23,13,0,37,6,0,0,0,0,6,6,0,0,0,-42.549634,-63.602918,,0,0,37,6,0
78931716,1609,sur,H1,1,0,0,25,13,0,39,1,0,0,0,0,1,1,0,0,0,-42.548272,-63.603529,,0,0,39,1,0
78931717,1610,sur,H1,1,0,2,25,13,0,41,1,0,0,0,0,1,1,0,0,0,-42.547903,-63.603432,,0,0,41,1,0
78931718,1611,sur,H1,1,0,2,43,27,0,73,12,2,0,0,0,14,14,1,23,0,-42.546441,-63.603868,,0,23,73,14,1
78938700,1614,sur,H1,1,0,0,7,2,0,10,0,0,0,0,0,0,0,0,1,0,-42.544492,-63.603915,,0,1,10,0,0
78938701,1615,sur,H1,1,0,1,30,20,0,52,1,0,0,0,0,1,1,0,22,0,-42.542866,-63.603854,,0,22,52,1,0
78938702,1617,sur,H1s/m,0,0,0,8,5,0,13,2,0,0,0,0,2,2,1,3,0,-42.542093,-63.603883,,0,3,13,2,1
78974452,1618,sur,H1s/m,0,0,0,17,10,1,28,2,0,0,0,0,2,2,1,6,0,-42.540693,-63.603772,,0,6,28,2,1
78974454,1620,sur,H1,1,0,0,8,3,0,12,0,0,0,0,0,0,0,0,0,0,-42.539378,-63.603725,,0,0,12,0,0
78974456,1622,sur,H1,1,0,0,25,19,0,45,1,0,0,0,0,1,1,0,0,0,-42.537735,-63.603517,,0,0,45,1,0
78974457,1623,sur,H1,1,0,0,17,9,1,28,2,0,0,0,0,2,2,0,0,0,-42.536924,-63.603554,,0,0,28,2,0
78975843,1625,sur,H1,1,0,1,71,46,5,124,4,0,0,0,0,4,4,2,0,0,-42.535677,-63.603342,,0,0,124,4,2
78975844,1626,sur,H1,1,0,0,22,13,1,37,3,0,0,0,0,3,3,0,13,0,-42.534534,-63.603092,,0,13,37,3,0
78975845,1627,sur,H1,1,0,0,10,6,1,18,2,0,0,0,0,2,2,1,24,0,-42.534085,-63.603078,,0,24,18,2,1
78975847,1629,sur,H1,1,0,0,37,22,0,60,2,0,0,0,0,2,2,0,0,0,-42.532553,-63.603596,,0,0,60,2,0
78975847,1629,sur,H2,1,0,0,7,4,0,12,1,0,0,0,0,1,1,1,1,0,-42.531581,-63.60366,,0,1,12,1,1
78975852,1631,sur,S,0,0,0,0,0,0,0,4,1,0,0,0,5,5,1,26,0,-42.530916,-63.603773,,0,26,0,5,1
78975852,1631,sur,H1,1,0,0,13,6,0,20,0,0,0,0,0,0,0,0,0,0,-42.530343,-63.603774,,0,0,20,0,0
78975854,1633,sur,S,0,0,0,1,0,2,3,2,1,0,0,0,3,3,1,1,0,-42.52823,-63.603791,,0,1,3,3,1
78975856,1635,sur,H1,1,0,0,51,29,2,83,8,1,0,0,1,10,10,1,23,0,-42.52586,-63.603715,,0,23,83,10,1
78976506,1637,sur,H1,1,0,0,3,3,1,8,2,0,0,0,0,2,2,2,17,0,-42.523726,-63.603452,,0,17,8,2,2
78976507,1638,sur,H1,1,0,0,2,2,0,5,0,0,0,0,0,0,0,0,1,0,-42.52412,-63.603486,,0,1,5,0,0
78976507,1638,sur,H2,1,0,0,19,10,0,30,6,0,0,0,0,6,6,0,7,0,-42.5236,-63.603529,,0,7,30,6,0
78976507,1638,sur,H3,1,0,1,8,6,0,16,2,0,0,0,0,2,2,0,15,0,-42.522938,-63.603476,,0,15,16,2,0
78976509,1640,sur,H1,1,0,1,10,8,2,22,0,0,0,0,0,0,0,0,0,0,-42.522636,-63.603452,,0,0,22,0,0
78977017,1643,sur,H1,1,0,0,44,29,0,74,3,0,0,0,0,3,3,0,0,0,-42.519115,-63.603012,,0,0,74,3,0
78977018,1644,sur,S,0,0,0,0,0,0,0,0,0,0,0,1,1,1,0,0,0,-42.518087,-63.602512,,0,0,0,1,0
78977019,1645,sur,S,0,0,0,1,1,0,2,0,0,0,0,0,0,0,3,1,0,-42.517502,-63.602141,,0,1,2,0,3
78977020,1646,sur,H1,1,0,1,22,14,0,38,1,0,0,0,1,2,2,0,4,0,-42.515493,-63.600209,,0,4,38,2,0
78977252,1651,sur,H1,1,0,0,20,14,2,37,3,0,0,0,0,3,3,0,0,0,-42.513754,-63.599201,,0,0,37,3,0
78977565,1657,sur,H1,1,0,0,20,9,0,30,1,0,0,0,0,1,1,0,6,0,-42.511376,-63.598727,,0,6,30,1,0
78977566,1658,sur,PS,1,0,0,1,0,0,2,0,0,0,0,0,0,0,0,0,0,-42.509475,-63.599125,,0,0,2,0,0
78977567,1659,sur,PS,1,0,0,1,0,0,2,0,0,0,0,0,0,0,0,0,0,-42.508894,-63.599307,,0,0,2,0,0
78977568,1660,sur,H1,1,0,0,13,9,0,23,0,0,0,0,0,0,0,0,0,0,-42.507823,-63.600193,,0,0,23,0,0
78977569,1661,norte,S,0,0,1,0,0,0,1,0,0,0,0,0,0,0,0,0,0,-42.506915,-63.600849,,0,0,1,0,0
78977573,1663,norte,S,0,0,0,0,0,0,0,5,0,0,0,0,5,5,0,4,0,-42.503952,-63.602311,,0,4,0,5,0
78977578,1668,norte,H1,1,0,0,15,9,3,28,1,1,0,0,0,2,2,0,10,0,-42.50184,-63.601998,,0,10,28,2,0
78977582,1669,norte,H1s/m,0,0,0,3,1,1,5,2,0,0,0,0,2,2,0,0,0,-42.500653,-63.602258,,0,0,5,2,0
78977583,1670,norte,H1,1,0,0,34,20,4,59,3,0,0,0,0,3,3,4,14,0,-42.498182,-63.60245,,0,14,59,3,4
78977593,1676,norte,H1,1,0,0,37,20,0,58,4,0,1,0,0,4,5,7,0,0,-42.495404,-63.602798,,0,0,58,5,7
78977597,1680,norte,S,0,0,0,0,0,0,0,0,1,0,0,0,1,1,2,0,0,-42.490016,-63.603235,,0,0,0,1,2
78987634,1684,norte,H1,1,0,0,9,5,0,15,0,0,0,0,1,1,1,24,182,0,-42.487439,-63.606695,,0,182,15,1,24
78987635,1685,norte,S,0,0,0,2,0,0,2,0,0,0,0,0,0,0,0,0,0,-42.48514,-63.606569,,0,0,2,0,0
78991946,1688,norte,S,0,0,2,0,0,0,2,0,0,0,0,0,0,0,0,0,0,-42.483044,-63.606512,,0,0,2,0,0
78991946,1688,norte,H1,1,0,0,10,0,0,11,0,0,0,0,0,0,0,36,77,0,-42.481047,-63.606571,,0,77,11,0,36
78991949,1691,norte,H1,1,0,2,5,3,0,11,0,0,0,0,0,0,0,13,42,0,-42.479732,-63.606469,,0,42,11,0,13
78991950,1692,norte,H1,1,0,0,18,9,0,28,1,0,0,0,0,1,1,3,3,0,-42.477723,-63.606145,,0,3,28,1,3
78994557,1694,norte,H2,0,1,0,2,2,1,5,0,0,0,0,0,0,0,1,13,0,-42.474494,-63.605902,,0,13,5,0,1
78994558,1695,norte,S,0,0,0,0,0,0,0,0,0,1,0,0,0,1,0,0,0,-42.474242,-63.605794,,0,0,0,1,0
78994559,1696,norte,H1,1,0,0,3,3,0,7,0,0,0,0,0,0,0,0,0,0,-42.473664,-63.605849,,0,0,7,0,0
78994561,1698,norte,H1,1,0,0,19,15,4,39,0,0,0,0,0,0,0,1,2,0,-42.470858,-63.605737,,0,2,39,0,1
78994618,1699,norte,S,0,0,0,0,0,1,1,0,0,0,0,0,0,0,0,2,0,-42.469623,-63.605789,,0,2,1,0,0
78994619,1700,norte,S,0,0,1,0,0,0,1,0,0,0,0,0,0,0,1,0,0,-42.468399,-63.605852,,0,0,1,0,1
78994620,1701,norte,H1,1,0,0,19,14,0,34,1,0,0,0,0,1,1,1,1,0,-42.465411,-63.606024,,0,1,34,1,1
78994621,1702,norte,H1,1,0,0,9,3,0,13,0,0,0,0,0,0,0,2,3,0,-42.461819,-63.606245,,0,3,13,0,2
78994998,1710,norte,H1,1,0,1,19,17,0,38,1,0,0,0,0,1,1,0,0,0,-42.458383,-63.606677,,0,0,38,1,0
78995678,1711,norte,H1,1,0,0,14,11,3,29,1,0,0,0,0,1,1,0,0,0,-42.454699,-63.60688,,0,0,29,1,0
78995680,1713,norte,H1,1,0,0,12,8,2,23,1,0,0,0,0,1,1,0,2,0,-42.453751,-63.607,,0,2,23,1,0
78995682,1715,norte,H1,1,0,0,16,10,2,29,4,0,0,0,0,4,4,0,16,0,-42.451065,-63.607314,,0,16,29,4,0
78995683,1716,norte,H1,1,0,0,7,5,1,14,0,0,0,0,0,0,0,0,0,0,-42.449443,-63.607561,,0,0,14,0,0
78998401,1718,norte,H1,1,0,0,26,22,0,49,0,0,0,0,0,0,0,1,1,0,-42.446832,-63.607934,,0,1,49,0,1
78998401,1718,norte,S,0,0,0,0,0,1,1,0,0,0,0,0,0,0,0,0,0,-42.446832,-63.607934,,0,0,1,0,0
78998402,1719,norte,H1,1,0,0,8,0,0,9,0,0,0,0,1,1,1,0,1,0,-42.444647,-63.608063,,0,1,9,1,0
78998403,1720,norte,H1,1,0,0,21,14,1,37,2,0,0,0,1,3,3,0,4,0,-42.44312,-63.608189,,0,4,37,3,0
78998405,1722,norte,S,0,0,0,0,0,1,1,0,0,0,0,0,0,0,0,0,0,-42.441316,-63.608418,,0,0,1,0,0
78999153,1723,norte,,0,0,0,0,0,0,0,0,0,0,0,0,0,0,1,4,0,-42.440679,-63.608497,,0,4,0,0,1
78999154,1724,norte,S,0,0,0,0,0,1,1,0,0,0,0,0,0,0,0,0,0,-42.440793,-63.608536,,0,0,1,0,0
78999155,1725,norte,S,0,0,0,0,0,0,0,0,0,1,0,0,0,1,0,28,0,-42.440524,-63.608484,,0,28,0,1,0
78999157,1727,norte,H1,1,0,0,25,17,0,43,0,0,0,0,0,0,0,0,7,0,-42.437949,-63.608542,,0,7,43,0,0
79001249,1731,norte,H1s/m,0,0,0,25,23,1,49,1,0,0,0,0,1,1,0,0,0,-42.434464,-63.608742,,0,0,49,1,0
79001250,1732,norte,,0,0,0,0,0,0,0,0,0,0,0,0,0,0,1,0,0,-42.432609,-63.608734,,0,0,0,0,1
79001251,1733,norte,H1,1,0,0,27,17,3,48,0,0,0,0,0,0,0,1,0,0,-42.431723,-63.608702,,0,0,48,0,1
79002938,1735,norte,S,0,0,0,0,0,0,0,0,0,1,0,0,0,1,0,0,0,-42.428759,-63.608986,,0,0,0,1,0
79002940,1737,norte,,0,0,0,0,0,0,0,0,0,0,0,0,0,0,4,6,0,-42.426385,-63.608888,,0,6,0,0,4
79002941,1738,norte,H1,1,0,1,35,28,9,74,3,0,0,0,0,3,3,2,2,0,-42.425203,-63.608942,,0,2,74,3,2
79003406,1743,norte,H1,1,0,0,19,15,6,41,1,0,0,0,0,1,1,1,4,0,-42.419311,-63.609083,,0,4,41,1,1
79003409,1746,norte,H1,1,0,0,32,27,6,66,0,0,0,0,0,0,0,0,0,0,-42.413955,-63.608714,,0,0,66,0,0
79003506,1748,norte,H1s/m,0,0,0,3,1,1,5,1,0,0,0,0,1,1,0,1,0,-42.411137,-63.608612,,0,1,5,1,0
79003509,1751,norte,H1,1,0,0,16,11,3,31,0,0,0,0,0,0,0,0,0,0,-42.409375,-63.60856,,0,0,31,0,0
79042070,1753,norte,H1s/m,0,0,0,14,8,0,22,1,0,0,0,0,1,1,1,2,0,-42.406632,-63.608605,,0,2,22,1,1
79042072,1755,norte,H1s/m,0,0,0,9,3,1,13,0,0,0,0,0,0,0,0,0,0,-42.4051,-63.608467,,0,0,13,0,0
79042075,1758,norte,H1,1,0,1,22,19,0,43,1,0,0,0,0,1,1,1,5,0,-42.401165,-63.608245,,0,5,43,1,1
79042137,1759,norte,PS,1,0,0,1,1,0,3,0,0,0,0,0,0,0,0,0,0,-42.3957,-63.607371,,0,0,3,0,0
79042141,1763,norte,H1,1,0,0,21,15,1,38,0,0,0,0,0,0,0,0,2,0,-42.389348,-63.606357,,0,2,38,0,0
79055778,1765,norte,S,0,0,1,0,0,0,1,0,0,0,0,0,0,0,0,0,0,-42.386687,-63.60617,,0,0,1,0,0
79055780,1767,norte,H1s/m,0,0,0,19,17,0,36,0,0,0,0,0,0,0,0,3,0,-42.384162,-63.605671,,0,3,36,0,0
79055781,1768,norte,,0,0,0,0,0,0,0,0,0,0,0,0,0,0,1,0,0,-42.380286,-63.605305,,0,0,0,0,1
79055782,1769,norte,S,0,0,0,0,0,0,0,0,0,0,0,0,0,0,0,0,0,-42.379557,-63.605378,,0,0,0,0,0
79055783,1770,norte,,0,0,0,0,0,0,0,0,0,0,0,0,0,0,1,0,0,-42.378949,-63.605208,,0,0,0,0,1
79101415,1771,norte,,0,0,0,0,0,0,0,0,0,0,0,0,0,0,1,2,0,-42.378563,-63.605132,,0,2,0,0,1
79101416,1772,norte,,0,0,0,0,0,0,0,0,0,0,0,0,0,0,2,2,0,-42.378032,-63.605183,,0,2,0,0,2
79101417,1773,norte,,0,0,0,0,0,0,0,0,0,0,0,0,0,0,1,0,0,-42.377808,-63.605166,,0,0,0,0,1
79101418,1774,norte,H1s/m,0,0,0,9,7,1,17,0,0,0,0,0,0,0,0,0,0,-42.378279,-63.605074,,0,0,17,0,0
79101419,1775,norte,,0,0,0,0,0,0,0,0,0,0,0,0,0,0,1,2,0,-42.377044,-63.60501,,0,2,0,0,1
79101420,1776,norte,H1s/m,0,0,0,6,4,0,10,0,0,0,0,0,0,0,0,0,0,-42.375898,-63.604801,,0,0,10,0,0
79102066,1777,norte,H1,1,0,0,6,6,2,15,0,0,0,0,0,0,0,0,2,0,-42.375393,-63.6046,,0,2,15,0,0
79102067,1778,norte,PS,1,0,0,1,1,0,3,0,0,0,0,0,0,0,0,0,0,-42.374225,-63.604478,,0,0,3,0,0
79102068,1779,norte,S,0,0,0,0,0,0,0,0,0,1,0,0,0,1,0,15,0,-42.37355,-63.60434,,0,15,0,1,0
79102070,1781,norte,,0,0,0,0,0,0,0,0,0,0,0,0,0,0,1,3,0,-42.372817,-63.604261,,0,3,0,0,1
79102071,1782,norte,S,0,0,0,1,0,0,1,0,0,0,0,0,0,0,1,1,0,-42.372473,-63.6041,,0,1,1,0,1
79102644,1783,norte,,0,0,0,0,0,0,0,0,0,0,0,0,0,0,1,1,0,-42.37155,-63.603908,,0,1,0,0,1
79102645,1784,norte,H1s/m,0,0,0,6,5,0,11,0,0,0,0,0,0,0,0,0,0,-42.365612,-63.602621,,0,0,11,0,0
79102649,1788,norte,H1,1,0,1,26,21,0,49,3,0,0,0,0,3,3,0,8,0,-42.354513,-63.599514,,0,8,49,3,0
79102661,1790,norte,,0,0,0,0,0,0,0,0,0,0,0,0,0,0,1,3,0,-42.352817,-63.599497,,0,3,0,0,1
79102662,1791,norte,H1s/m,0,0,0,2,1,0,3,0,0,0,0,0,0,0,3,3,0,-42.351642,-63.599568,,0,3,3,0,3
79102663,1792,norte,,0,0,0,0,0,0,0,0,0,0,0,0,0,0,2,3,0,-42.35029,-63.59948,,0,3,0,0,2
79102664,1793,norte,,0,0,0,0,0,0,0,0,0,0,0,0,0,0,1,3,0,-42.349594,-63.599458,,0,3,0,0,1
79102670,1796,norte,H1,1,0,0,8,3,1,13,0,0,0,0,0,0,0,0,8,0,-42.336535,-63.600265,,0,8,13,0,0
79102672,1798,norte,H1s/m,0,0,0,6,4,0,10,0,0,0,0,0,0,0,0,2,0,-42.33323,-63.600294,,0,2,10,0,0
79102674,1800,norte,H1s/m,0,0,0,3,0,0,3,0,0,0,0,0,0,0,0,0,0,-42.326412,-63.601524,,0,0,3,0,0
79102680,1803,norte,H1,1,0,0,13,8,0,22,2,0,0,0,0,2,2,1,9,0,-42.340434,-63.59921,,0,9,22,2,1
79102681,1804,norte,H1,1,0,1,13,9,0,24,0,0,0,0,0,0,0,0,0,0,-42.3286,-63.599312,,0,0,24,0,0
79102683,1806,norte,,0,0,0,0,0,0,0,0,0,0,0,0,0,0,1,3,0,-42.328592,-63.599302,,0,3,0,0,1
79102685,1807,norte,,0,0,0,0,0,0,0,0,0,0,0,0,0,0,2,24,0,-42.327794,-63.599663,,0,24,0,0,2
79102687,1809,norte,H1,1,0,0,17,9,2,29,1,0,0,0,0,1,1,1,5,0,-42.324711,-63.600447,,0,5,29,1,1
79102689,1811,norte,,0,0,0,0,0,0,0,0,0,0,0,0,0,0,1,2,0,-42.323915,-63.600924,,0,2,0,0,1
79102690,1812,norte,,0,0,0,0,0,0,0,0,0,0,0,0,0,0,1,1,0,-42.322938,-63.601212,,0,1,0,0,1
79103052,1813,norte,S,0,0,0,0,0,0,0,1,0,0,0,0,1,1,0,2,0,-42.320764,-63.60144,,0,2,0,1,0
79103054,1815,norte,S,0,0,0,1,0,0,1,0,0,0,0,0,0,0,2,10,0,-42.319298,-63.60186,,0,10,1,0,2
79103055,1816,norte,S,0,0,0,0,0,0,0,0,0,1,0,0,0,1,0,0,0,-42.31877,-63.601997,,0,0,0,1,0
79103056,1817,norte,,0,0,0,0,0,0,0,0,0,0,0,0,0,0,1,0,0,-42.31835,-63.602246,,0,0,0,0,1
79103208,1818,norte,,0,0,0,0,0,0,0,0,0,1,0,0,0,1,0,9,0,-42.312523,-63.604279,,0,9,0,1,0
79103210,1820,norte,H1,1,0,1,5,5,0,12,0,0,0,0,0,0,0,2,5,0,-42.305605,-63.608383,,0,5,12,0,2
79103211,1821,norte,,0,0,0,0,0,0,0,0,0,0,0,0,0,0,1,1,0,-42.307697,-63.606544,,0,1,0,0,1
79105593,1824,norte,,0,0,0,0,0,0,0,0,0,0,0,0,0,0,2,5,0,-42.307919,-63.606201,,0,5,0,0,2
79105594,1826,norte,,0,0,0,0,0,0,0,0,0,0,0,0,0,0,1,1,0,-42.307954,-63.605696,,0,1,0,0,1
79105596,1827,norte,S,0,0,0,1,0,0,1,0,0,0,0,0,0,0,2,3,0,-42.305366,-63.607069,,0,3,1,0,2
79105647,1832,norte,H1s/m,0,0,0,10,6,0,16,0,0,0,0,0,0,0,0,3,0,-42.29075,-63.615737,,0,3,16,0,0
79105685,1835,norte,S,0,0,0,0,0,0,0,0,0,1,0,0,0,1,0,31,0,-42.288494,-63.616912,,0,31,0,1,0
79106997,1844,norte,H1s/m,0,0,0,5,1,0,6,0,0,0,0,0,0,0,0,7,0,-42.286215,-63.618307,,0,7,6,0,0
79107018,1848,norte,H1,0,1,0,0,0,0,0,0,0,0,2,0,0,2,0,24,0,-42.28,-63.62263,,0,24,0,2,0
79107019,1849,norte,H1s/m,0,0,0,11,8,0,19,0,0,0,0,0,0,0,0,7,0,-42.278351,-63.623798,,0,7,19,0,0
79107431,1853,norte,,0,0,0,0,0,0,0,0,0,0,0,0,0,0,1,1,0,-42.273387,-63.627521,,0,1,0,0,1
79107440,1859,norte,,0,0,0,0,0,0,0,0,0,0,0,0,0,0,1,1,0,-42.265647,-63.633481,,0,1,0,0,1
79109476,1861,norte,S,0,0,0,0,0,0,0,0,0,0,1,0,0,1,0,2,0,-42.262997,-63.635751,,0,2,0,1,0
79109477,1862,norte,,0,0,0,0,0,0,0,0,0,0,0,0,0,0,3,0,0,-42.262132,-63.636627,,0,0,0,0,3
79111939,1869,norte,H1s/m,0,0,0,3,1,0,4,0,0,0,0,0,0,0,0,50,0,-42.26083,-63.63759,,0,50,4,0,0
79111940,1870,norte,,0,0,0,0,0,0,0,0,0,0,0,0,0,0,3,13,0,-42.260177,-63.638184,,0,13,0,0,3
79111941,1871,norte,,0,0,0,0,0,0,0,0,0,0,0,0,0,0,1,0,0,-42.258988,-63.639123,,0,0,0,0,1
79111947,1877,norte,S,0,0,0,0,0,0,0,0,0,1,0,0,0,1,0,11,0,-42.256281,-63.641302,,0,11,0,1,0
79112737,1881,norte,,0,0,0,0,0,0,0,0,0,0,0,0,0,0,1,0,0,-42.244722,-63.651805,,0,0,0,0,1
79112738,1882,norte,,0,0,0,0,0,0,0,0,0,0,0,0,0,0,2,4,0,-42.243131,-63.653422,,0,4,0,0,2
79118905,1886,norte,H1s/m,0,0,0,2,1,0,3,0,0,0,0,0,0,0,0,0,0,-42.239391,-63.657338,,0,0,3,0,0
79118906,1887,norte,,0,0,0,0,0,0,0,0,0,0,0,0,0,0,1,4,0,-42.237383,-63.659429,,0,4,0,0,1
79118907,1888,norte,S,0,0,0,1,1,0,2,0,0,0,0,0,0,0,0,0,0,-42.233164,-63.663519,,0,0,2,0,0
79118908,1889,norte,,0,0,0,0,0,0,0,0,0,0,0,0,0,0,1,0,0,-42.230794,-63.665638,,0,0,0,0,1
79121155,1890,norte,,0,0,0,0,0,0,0,0,0,0,0,0,0,0,1,2,0,-42.227959,-63.668196,,0,2,0,0,1
79121156,1891,norte,,0,0,0,0,0,0,0,0,0,0,0,0,0,0,2,5,0,-42.227118,-63.668873,,0,5,0,0,2
79121157,1892,norte,,0,0,0,0,0,0,0,0,0,0,0,0,0,0,2,4,0,-42.22643,-63.669431,,0,4,0,0,2
79121158,1893,norte,S,0,0,0,1,0,0,1,0,0,0,0,0,0,0,0,0,0,-42.225358,-63.670394,,0,0,1,0,0
79121159,1894,norte,S,0,0,0,1,1,0,2,0,0,0,0,0,0,0,0,1,0,-42.224505,-63.671137,,0,1,2,0,0
79121162,1896,norte,,0,0,0,0,0,0,0,0,0,0,0,0,0,0,1,2,0,-42.223185,-63.672268,,0,2,0,0,1
79121163,1897,norte,S,0,0,0,0,0,0,0,0,0,1,0,0,0,1,1,19,0,-42.22261,-63.672788,,0,19,0,1,1
79121165,1899,norte,H1s/m,0,0,0,2,2,0,4,0,0,0,0,0,0,0,1,0,0,-42.221066,-63.67415,,0,0,4,0,0
79121170,1904,norte,H1s/m,0,0,0,2,2,0,4,0,0,0,0,0,0,0,1,0,0,-42.184013,-63.697915,,0,0,4,0,0
79121181,1908,norte,,0,0,0,0,0,0,0,0,0,0,0,0,0,0,1,11,0,-42.181219,-63.69886,,0,11,0,0,1
79121182,1909,norte,S,0,0,0,1,0,0,1,0,0,0,0,0,0,0,1,0,0,-42.179078,-63.699546,,0,0,1,0,0
79121183,1910,norte,S,0,0,0,1,1,0,2,0,0,0,0,0,0,0,1,0,0,-42.17678,-63.700244,,0,0,2,0,0
79121196,1913,norte,H1,1,0,0,9,6,0,16,0,0,0,0,0,0,0,1,0,0,-42.150743,-63.713615,,0,0,16,0,0
79121199,1917,norte,H1,1,0,0,2,1,0,4,0,0,0,0,0,0,0,1,0,0,-42.137784,-63.718224,,0,0,4,0,0
79121207,1919,norte,PS,1,0,0,1,1,0,3,0,0,0,0,0,0,0,3,3,0,-42.131511,-63.720872,,0,3,3,0,3
79121227,1926,norte,H1,1,0,0,5,2,0,8,0,0,0,0,0,0,0,0,0,0,-42.116745,-63.727692,,0,0,8,0,0
79121228,1927,norte,H1s/m,0,0,0,4,4,0,8,0,0,0,0,0,0,0,0,0,0,-42.113316,-63.729636,,0,0,8,0,0
79121246,1930,norte,,0,0,0,0,0,0,0,0,0,0,0,0,0,0,1,2,0,-42.1118,-63.730591,,0,2,0,0,1
79121247,1931,norte,H1s/m,0,0,0,2,2,0,4,0,0,0,0,0,0,0,0,0,0,-42.103948,-63.735329,,0,0,4,0,0
79121248,1932,norte,S,0,0,0,0,0,0,0,0,0,1,0,0,0,1,0,36,0,-42.103181,-63.735566,,0,36,0,1,0
79165171,1935,norte,,0,0,0,0,0,0,0,0,0,0,0,0,0,0,3,2,0,-42.101538,-63.736375,,0,2,0,0,3
79165172,1936,norte,S,0,0,1,0,0,0,1,0,0,0,0,0,0,0,0,3,0,-42.100992,-63.737166,,0,3,1,0,0
79165176,1940,norte,H1,1,0,3,26,18,0,48,2,0,0,0,0,2,2,2,19,0,-42.098259,-63.738721,,0,19,48,2,2
79165238,1942,norte,,0,0,0,0,0,0,0,0,0,0,0,0,0,0,2,5,0,-42.097865,-63.738737,,0,5,0,0,2
79165241,1945,norte,H1,1,0,0,14,10,0,25,0,0,0,0,0,0,0,2,20,0,-42.097135,-63.739422,,0,20,25,0,2
79165242,1946,norte,H1,1,0,0,3,2,0,6,0,0,0,0,0,0,0,0,2,0,-42.096509,-63.740215,,0,2,6,0,0
79165328,1949,norte,H1,1,0,0,6,5,0,12,1,0,0,0,0,1,1,3,25,0,-42.085045,-63.750495,,0,25,12,1,3
79165331,1952,norte,,0,0,0,0,0,0,0,0,0,0,0,0,0,0,6,12,0,-42.083314,-63.752172,,0,12,0,0,6
79165344,1955,norte,H1,1,0,0,18,12,0,31,0,0,0,0,0,0,0,1,11,0,-42.081719,-63.753832,,0,11,31,0,1
79165346,1957,norte,,0,0,0,0,0,0,0,0,0,0,0,0,0,0,1,0,0,-42.080178,-63.755533,,0,0,0,0,1
79165363,1960,norte,H1s/m,0,0,0,9,7,0,16,0,0,0,0,0,0,0,0,4,0,-42.078735,-63.757032,,0,4,16,0,0
79165365,1962,norte,H1s/m,0,0,0,3,2,1,6,1,0,0,0,0,1,1,1,7,0,-42.077637,-63.757827,,0,7,6,1,1
79165385,1967,norte,H1,1,0,0,11,6,0,18,1,0,0,0,0,1,1,10,37,0,-42.074924,-63.765395,,0,37,18,1,10
79165827,1971,norte,,0,0,0,0,0,0,0,0,0,0,0,0,0,0,11,19,0,-42.074464,-63.768896,,0,19,0,0,11
79165828,1972,norte,S,0,0,0,0,0,0,0,2,0,0,0,0,2,2,1,6,0,-42.074406,-63.768816,,0,6,0,2,1
79165830,1974,norte,,0,0,0,0,0,0,0,0,0,0,0,0,0,0,1,0,0,-42.073861,-63.770946,,0,0,0,0,1
78504394,1977,norte,S,0,0,0,2,0,0,2,0,0,0,0,0,0,0,0,0,0,-42.07336,-63.773941,,0,0,2,0,0
78508021,1982,norte,,0,0,0,0,0,0,0,0,0,0,0,0,0,0,1,2,0,-42.073431,-63.778604,,0,2,0,0,1
78508020,1983,norte,,0,0,0,0,0,0,0,0,0,0,0,0,0,0,2,0,0,-42.073343,-63.779102,,0,0,0,0,2
78508014,1989,norte,,0,0,0,0,0,0,0,0,0,0,0,0,0,0,1,0,0,-42.072489,-63.794658,,0,0,0,0,1
,1996,norte,S,0,0,1,0,0,0,1,0,0,0,0,0,0,0,0,0,0,-42.072472,-63.803304,,0,0,1,0,0
79406417,2021,norte,,0,0,0,0,0,0,0,0,0,0,0,0,0,0,1,0,0,-42.086338,-63.882976,,0,0,0,0,1
79406418,2022,norte,,0,0,0,0,0,0,0,0,0,0,0,0,0,0,1,1,0,-42.086703,-63.88432,,0,1,0,0,1
,2023,norte,S,0,0,1,0,0,0,1,0,0,0,0,0,0,0,0,0,0,-42.091596,-63.898761,,0,0,1,0,0
79407543,2025,norte,H1,1,0,0,14,8,0,23,0,0,0,0,0,0,0,0,13,0,-42.094236,-63.906409,,0,13,23,0,0
79407544,2026,norte,S,0,0,0,2,0,0,2,0,0,0,0,0,0,0,0,0,0,-42.095236,-63.909194,,0,0,2,0,0
79407547,2029,norte,,0,0,0,0,0,0,0,0,0,0,0,0,0,0,1,0,0,-42.096432,-63.912317,,0,0,0,0,1
79408209,2030,norte,H1s/m,0,0,0,6,3,0,9,0,0,0,0,0,0,0,0,92,0,-42.09892,-63.918047,,0,92,9,0,0
79408212,2033,norte,S,0,0,0,0,0,0,0,0,0,1,0,0,0,1,0,78,0,-42.09966,-63.919817,,0,78,0,1,0
79408487,2036,norte,H1,1,0,1,19,14,0,35,0,0,0,0,0,0,0,1,28,0,-42.101536,-63.925564,,0,28,35,0,1
79408490,2039,norte,,0,0,0,0,0,0,0,0,0,0,0,0,0,0,2,3,0,-42.102282,-63.928126,,0,3,0,0,2
79408492,2041,norte,,0,0,0,0,0,0,0,0,0,0,0,0,0,0,3,31,0,-42.102858,-63.929167,,0,31,0,0,3
79408509,2043,norte,S,0,0,0,1,1,0,2,0,0,0,0,0,0,0,0,8,0,-42.103176,-63.929684,,0,8,2,0,0
79408511,2045,norte,S,0,0,0,1,0,0,1,0,0,0,0,0,0,0,11,61,0,-42.103809,-63.932066,,0,61,1,0,11
79408512,2046,norte,,0,0,0,0,0,0,0,0,0,0,0,0,0,0,1,17,0,-42.103919,-63.932699,,0,17,0,0,1
79408513,2047,norte,S,0,0,0,1,0,0,1,0,0,0,0,0,0,0,0,0,0,-42.104151,-63.933926,,0,0,1,0,0
79408566,2051,norte,S,0,0,0,0,0,0,0,0,0,1,0,0,0,1,4,45,0,-42.105104,-63.936306,,0,45,0,1,4
79408569,2054,norte,H1s/m,0,0,0,3,3,0,6,0,0,0,0,0,0,0,0,0,0,-42.109495,-63.937942,,0,0,6,0,0
79408724,2056,norte,H1,1,0,0,15,11,0,27,1,0,0,0,0,1,1,0,0,0,-42.112959,-63.941232,,0,0,27,1,0
79408725,2057,norte,H1s/m,0,0,1,2,1,1,5,3,0,0,0,0,3,3,0,0,0,-42.113084,-63.941818,,0,0,5,3,0
79408727,2059,norte,H1,1,0,0,31,24,1,57,1,0,0,0,0,1,1,1,3,0,-42.113917,-63.943376,,0,3,57,1,1
79408728,2060,norte,S,0,0,1,0,0,0,1,0,0,0,0,0,0,0,0,0,0,-42.113429,-63.945033,,0,0,1,0,0
79408864,2063,norte,H1,1,0,0,13,6,0,20,2,0,0,0,0,2,2,0,2,0,-42.115959,-63.955636,,0,2,20,2,0
79408867,2066,norte,S,0,0,1,0,0,0,1,0,0,0,0,0,0,0,0,0,0,-42.115564,-63.957639,,0,0,1,0,0
79413498,2068,norte,S,0,0,2,0,0,0,2,0,0,0,0,0,0,0,0,0,0,-42.115587,-63.962223,,0,0,2,0,0
79415720,2076,norte,S,0,0,2,0,0,0,2,0,0,0,0,0,0,0,0,0,0,-42.126492,-63.976324,,0,0,2,0,0
79438644,2083,norte,S,0,0,0,1,1,1,3,0,0,0,0,0,0,0,0,0,0,-42.134444,-63.982887,,0,0,3,0,0
79438646,2085,norte,H1,1,0,1,81,56,8,147,1,0,0,0,0,1,1,2,0,0,-42.135337,-63.984567,,0,0,147,1,2
79439246,2088,norte,,0,0,0,0,0,0,0,0,0,0,0,0,0,0,1,16,0,-42.137501,-63.988037,,0,16,0,0,1
79439249,2091,norte,GH,4,0,1,130,108,22,265,3,0,1,0,0,3,4,3,103,73,-42.138708,-63.990331,,73,103,265,4,3
79501653,2094,norte,S,0,0,1,0,0,0,1,0,0,0,0,0,0,0,0,0,0,-42.139129,-63.993416,,0,0,1,0,0
79501654,2095,norte,S,0,0,2,0,0,3,5,0,0,0,0,0,0,0,0,40,0,-42.140007,-63.994049,,0,40,5,0,0
79501656,2097,norte,S,0,0,0,0,0,7,7,0,0,0,0,0,0,0,0,0,0,-42.140107,-63.997148,,0,0,7,0,0
79503695,2099,norte,S,0,0,3,0,0,0,3,0,0,0,0,0,0,0,0,0,0,-42.140265,-63.998774,,0,0,3,0,0
79503699,2103,norte,PS,1,0,0,1,0,1,3,0,0,0,0,0,0,0,0,0,0,-42.141967,-64.004422,,0,0,3,0,0
79503699,2103,norte,H1,1,0,2,2,1,0,6,0,0,0,0,0,0,0,0,0,0,-42.142328,-64.005323,,0,0,6,0,0
79503699,2103,norte,S,0,0,0,0,0,1,1,0,0,0,0,0,0,0,0,0,0,-42.143027,-63.717725,,0,0,1,0,0
79509279,2107,norte,H1,1,0,1,19,13,4,38,1,0,0,0,0,1,1,2,21,10,-42.144734,-64.007907,,10,21,38,1,2
79512105,2111,norte,H1,1,0,1,22,17,0,41,0,0,0,0,0,0,0,0,0,0,-42.146118,-64.011242,,0,0,41,0,0
79512106,2112,norte,S,0,0,0,2,1,0,3,1,1,0,0,0,2,2,0,0,0,-42.146589,-64.012344,,0,0,3,2,0
79512107,2113,norte,S,0,0,0,0,0,2,2,0,0,0,0,0,0,0,0,7,0,-42.146809,-64.013042,,0,7,2,0,0
79512108,2114,norte,H1s/m,0,0,1,47,36,1,85,1,2,0,0,0,3,3,0,29,0,-42.147182,-64.014455,,0,29,85,3,0
79513967,2117,norte,PS,0,0,1,1,0,0,2,0,0,0,0,0,0,0,0,0,0,-42.147334,-64.01699,,0,0,2,0,0
79513967,2117,norte,H1s/m,0,0,0,4,3,0,7,0,1,0,0,0,1,1,0,22,0,-42.147437,-64.018045,,0,22,7,1,0
79513968,2118,norte,H1,1,0,0,7,5,2,15,0,0,0,0,0,0,0,1,0,0,-42.148296,-64.019829,,0,0,15,0,1
79513969,2119,norte,S,0,0,2,1,1,0,4,0,0,0,0,0,0,0,0,0,0,-42.147877,-64.020638,,0,0,4,0,0
79517169,2123,norte,S,0,0,2,0,0,0,2,0,0,0,0,0,0,0,0,0,0,-42.147679,-64.024394,,0,0,2,0,0
79519835,2130,norte,H1,1,0,0,12,4,0,17,0,0,0,0,0,0,0,2,5,0,-42.153,-64.028065,,0,5,17,0,2
79609760,2140,norte,S,0,0,0,0,0,0,0,1,0,0,0,0,1,1,6,12,2,-42.160557,-64.035549,,2,12,0,1,6
79609761,2141,norte,H1,1,0,0,13,10,0,24,2,0,0,0,0,2,2,0,0,0,-42.161249,-64.036483,,0,0,24,2,0
79609762,2142,norte,H1s/m,0,0,0,15,11,0,26,2,0,0,0,0,2,2,0,0,0,-42.162908,-64.038728,,0,0,26,2,0
79609764,2144,norte,,0,0,0,0,0,0,0,0,0,0,0,0,0,0,2,20,0,-42.164459,-64.042222,,0,20,0,0,2
79645794,2146,norte,S,0,0,0,0,0,3,3,1,0,0,0,0,1,1,1,18,134,-42.164565,-64.043063,,134,18,3,1,1
79645795,2147,norte,H1,1,0,0,54,37,5,97,6,0,0,0,0,6,6,0,3,0,-42.165371,-64.044973,,0,3,97,6,0
79645796,2148,norte,,0,0,0,0,0,0,0,0,0,0,0,0,0,0,2,1,0,-42.165924,-64.047057,,0,1,0,0,2
79645798,2150,norte,S,0,0,1,0,0,0,1,0,0,0,0,0,0,0,0,0,0,-42.165871,-64.049082,,0,0,1,0,0
79648584,2151,norte,S,0,0,3,0,0,0,3,0,0,0,0,0,0,0,0,0,0,-42.165051,-64.052117,,0,0,3,0,0
79648585,2152,norte,S,0,0,1,0,0,0,1,0,0,0,0,0,0,0,0,0,0,-42.162946,-64.05404,,0,0,1,0,0
79648586,2153,norte,S,0,0,1,0,0,0,1,0,0,0,0,0,0,0,0,0,0,-42.163493,-64.056217,,0,0,1,0,0
79648803,2161,norte,H1,1,0,0,26,14,11,52,0,0,0,0,0,0,0,3,5,0,-42.169709,-64.060963,,0,5,52,0,3
79648804,2162,norte,S,0,0,0,1,0,0,1,0,0,0,0,0,0,0,0,0,0,-42.170192,-64.061987,,0,0,1,0,0
79649296,2163,norte,H1,1,0,0,11,11,2,25,0,0,0,0,0,0,0,0,1,0,-42.172286,-64.062315,,0,1,25,0,0
79649297,2164,norte,S,0,0,0,1,1,0,2,0,0,0,0,0,0,0,0,0,3,-42.174492,-64.066288,,3,0,2,0,0
79649298,2165,norte,H1,1,0,0,15,10,0,26,0,0,0,0,0,0,0,0,0,12,-42.175843,-64.069188,,12,0,26,0,0
79660752,2170,norte,H1,1,0,1,11,11,1,25,0,0,0,0,0,0,0,0,9,17,-42.17858,-64.076089,,17,9,25,0,0
79660755,2173,norte,H1,1,0,0,62,55,1,119,0,0,0,0,0,0,0,1,6,0,-42.178815,-64.077424,,0,6,119,0,1
79660461,2175,norte,S,0,0,2,0,0,1,3,0,0,0,0,0,0,0,0,0,0,-42.179237,-64.079166,,0,0,3,0,0
79660464,2178,norte,S,0,0,3,0,0,0,3,0,0,0,0,0,0,0,0,0,0,-42.179602,-64.083934,,0,0,3,0,0
79660465,2179,norte,,0,0,0,0,0,0,0,0,0,0,0,0,0,0,1,0,0,-42.17917,-64.085161,,0,0,0,0,1
79661304,2183,norte,H1,1,0,0,22,18,2,43,1,0,0,0,0,1,1,0,0,0,-42.181537,-64.092626,,0,0,43,1,0
79666715,2191,norte,H1s/m,0,0,0,2,2,1,5,0,0,0,0,0,0,0,0,0,0,-42.188056,-64.115388,,0,0,5,0,0
79666934,2193,norte,H1,1,0,0,15,14,0,30,0,0,0,0,0,0,0,0,0,0,-42.189488,-64.118809,,0,0,30,0,0
79666935,2194,norte,H1s/m,0,0,0,16,16,8,40,0,0,0,0,0,0,0,0,0,0,-42.190466,-64.120904,,0,0,40,0,0
79666938,2197,norte,,0,0,0,0,0,0,0,0,0,0,0,0,0,0,1,3,2,-42.195622,-64.139609,,2,3,0,0,1
79669222,2199,norte,H1s/m,0,0,0,2,2,0,4,0,0,0,0,0,0,0,0,0,3,-42.197432,-64.147997,,3,0,4,0,0
79669223,2200,norte,H1s/m,0,0,0,3,3,0,6,0,0,0,0,0,0,0,0,0,0,-42.198355,-64.153058,,0,0,6,0,0
79669225,2202,norte,H1,1,0,0,26,25,1,53,0,0,0,0,0,0,0,0,0,12,-42.198994,-64.159045,,12,0,53,0,0
79670040,2205,norte,H1s/m,0,0,0,3,2,0,5,0,0,0,0,0,0,0,0,0,0,-42.199551,-64.162418,,0,0,5,0,0
79670045,2210,norte,S,0,0,1,0,0,0,1,0,0,0,0,0,0,0,0,0,0,-42.203181,-64.183042,,0,0,1,0,0
79670252,2211,norte,S,0,0,1,0,0,0,1,0,0,0,0,0,0,0,0,0,4,-42.20423,-64.188444,,4,0,1,0,0
79670254,2213,norte,H1s/m,0,0,1,18,13,1,33,0,0,0,0,0,0,0,0,1,6,-42.204851,-64.1919,,6,1,33,0,0
79670256,2215,norte,PS,1,0,0,1,1,0,3,0,0,0,0,0,0,0,0,6,0,-42.205135,-64.193272,,0,6,3,0,0
79670257,2216,norte,H1,1,0,1,28,32,0,62,0,0,0,0,0,0,0,0,0,5,-42.205228,-64.194076,,5,0,62,0,0
79670484,2219,norte,H1,1,0,0,10,8,0,19,2,0,0,0,0,2,2,0,0,15,-42.206085,-64.198913,,15,0,19,2,0
79670485,2220,norte,PS,1,0,0,1,1,0,3,0,0,0,0,0,0,0,0,2,0,-42.206908,-64.203481,,0,2,3,0,0
79670486,2221,norte,H1s/m,0,0,0,8,7,0,15,0,0,0,0,0,0,0,0,2,4,-42.208117,-64.210762,,4,2,15,0,0
79670487,2222,norte,S,0,0,0,0,0,0,0,0,0,0,0,1,1,1,0,3,0,-42.208454,-64.212659,,0,3,0,1,0
79671390,2225,norte,H1s/m,0,0,0,8,8,1,17,1,0,0,0,0,1,1,0,0,16,-42.210351,-64.22276,,16,0,17,1,0
79673048,2229,norte,H1,1,0,1,28,19,2,51,0,0,0,0,0,0,0,0,11,5,-42.210719,-64.224665,,5,11,51,0,0
79673050,2231,norte,H1,1,0,1,2,1,0,5,0,0,0,0,0,0,0,0,0,6,-42.211203,-64.22704,,6,0,5,0,0
79673052,2233,norte,H1,1,0,0,9,7,1,18,1,0,0,0,0,1,1,0,0,8,-42.211523,-64.229054,,8,0,18,1,0
79673053,2234,norte,H1,1,0,0,6,5,0,12,0,0,0,0,0,0,0,0,0,3,-42.211588,-64.229904,,3,0,12,0,0
79673489,2236,norte,H1,1,0,1,13,12,0,27,3,0,0,0,0,3,3,0,51,4,-42.211831,-64.230966,,4,51,27,3,0
79673491,2238,norte,S,0,0,1,0,0,0,1,0,0,0,0,0,0,0,0,1,13,-42.211865,-63.680725,,13,1,1,0,0
79673492,2239,norte,S,0,0,0,0,0,1,1,0,0,0,0,0,0,0,1,0,2,-42.21195,-64.231841,,2,0,1,0,1
79674377,2241,norte,H1s/m,0,0,0,19,13,2,34,1,0,0,0,0,1,1,0,0,1,-42.212245,-64.232742,,1,0,34,1,0
79674378,2243,norte,,0,0,0,0,0,0,0,0,0,0,0,0,0,0,1,0,0,-42.212595,-64.23461,,0,0,0,0,1
79674379,2243,norte,H1s/m,0,0,0,3,2,1,6,0,0,0,0,0,0,0,0,0,0,-42.212595,-64.23461,,0,0,6,0,0
79674379,2243,norte,S,0,0,0,0,0,0,0,1,0,0,0,0,1,1,0,0,0,-42.212595,-64.23461,,0,0,0,1,0
79674380,2244,norte,H1,1,0,0,13,8,0,22,2,0,0,0,0,2,2,2,0,4,-42.212757,-64.235413,,4,0,22,2,2
79674382,2246,norte,,0,0,0,0,0,0,0,0,0,0,0,0,0,0,1,0,6,-42.213052,-64.237598,,6,0,0,0,1
79674686,2247,norte,S,0,0,0,0,0,1,1,0,0,0,0,0,0,0,2,4,7,-42.213213,-64.238825,,7,4,1,0,2
79674688,2249,norte,H1,1,0,0,29,20,3,53,3,0,0,0,0,3,3,1,84,22,-42.21367,-64.24137,,22,84,53,3,1
79674690,2251,norte,H1,1,0,0,14,11,0,26,4,0,0,0,0,4,4,0,7,23,-42.21408,-64.243707,,23,7,26,4,0
79675360,2253,norte,,0,0,0,0,0,0,0,0,0,0,0,0,0,0,1,31,19,-42.214421,-64.245758,,19,31,0,0,1
79675361,2254,norte,S,0,0,0,0,0,1,1,0,0,0,0,0,0,0,2,11,32,-42.214603,-64.247281,,32,11,1,0,2
79675362,2255,norte,,0,0,0,0,0,0,0,0,0,0,0,0,0,0,1,0,11,-42.215218,-64.250743,,11,0,0,0,1
79675363,2256,norte,,0,0,0,0,0,0,0,0,0,0,0,0,0,0,2,9,0,-42.21538,-64.251873,,0,9,0,0,2
79675364,2257,norte,,0,0,0,0,0,0,0,0,0,0,0,0,0,0,1,0,22,-42.215748,-64.253203,,22,0,0,0,1
79675365,2258,norte,H1,1,0,0,16,13,0,30,0,0,0,0,0,0,0,0,0,31,-42.215872,-63.680725,,31,0,30,0,0
79683755,2260,norte,S,0,0,1,0,0,0,1,0,0,0,0,0,0,0,0,0,8,-42.216811,-64.26011,,8,0,1,0,0
79683756,2261,norte,H1,1,0,0,15,12,0,28,0,0,0,0,0,0,0,0,0,0,-42.217238,-64.262653,,0,0,28,0,0
79683759,2264,norte,H1s/m,0,0,0,9,7,0,16,0,0,0,0,0,0,0,0,0,1,-42.218098,-64.269821,,1,0,16,0,0
79686527,2266,norte,S,0,0,0,1,0,0,1,0,0,0,0,0,0,0,0,0,0,-42.218306,-64.271783,,0,0,1,0,0
79686529,2268,norte,S,0,0,1,1,1,0,3,0,0,0,0,0,0,0,3,0,1,-42.218782,-64.276265,,1,0,3,0,3
79686530,2269,norte,S,0,0,0,1,1,0,2,0,0,0,0,0,0,0,1,0,0,-42.219324,-64.278838,,0,0,2,0,1
79691942,2271,norte,S,0,0,1,0,0,0,1,0,0,0,0,0,0,0,0,0,0,-42.220578,-64.288487,,0,0,1,0,0
79691944,2273,norte,H1s/m,0,0,0,2,2,0,4,0,0,0,0,0,0,0,0,0,0,-42.221623,-64.296163,,0,0,4,0,0
79692885,2278,norte,,0,0,0,0,0,0,0,0,0,0,0,0,0,0,1,0,0,-42.224616,-64.313911,,0,0,0,0,1
79692914,2287,norte,S,0,0,1,0,0,0,1,0,0,0,0,0,0,0,0,0,0,-42.22627,-64.322207,,0,0,1,0,0
79692915,2288,norte,S,0,0,0,1,1,0,2,0,0,0,0,0,0,0,3,1,0,-42.226828,-64.325316,,0,1,2,0,3
79692940,2290,norte,H1,1,0,0,6,5,0,12,1,0,0,0,0,1,1,0,1,0,-42.228309,-64.333231,,0,1,12,0,0
79692944,2294,norte,H1,1,0,0,23,17,0,41,0,0,0,0,0,0,0,0,0,0,-42.232182,-64.353678,,0,0,41,0,0
79692951,2297,norte,S,0,0,1,0,0,0,1,0,0,0,0,0,0,0,1,5,0,-42.232562,-64.35633,,0,5,1,0,1
79692952,2298,norte,,0,0,0,0,0,0,0,0,0,0,0,0,0,0,1,0,0,-42.232724,-64.357412,,0,0,0,0,1
79692953,2299,norte,,0,0,0,0,0,0,0,0,0,0,0,0,0,0,1,0,0,-42.232844,-64.358134,,0,0,0,0,1
79692981,2302,norte,H1,1,0,0,9,7,0,17,0,0,0,0,0,0,0,1,31,0,-42.233477,-64.359841,,0,31,17,0,1
79692982,2303,norte,,0,0,0,0,0,0,0,0,0,0,0,0,0,0,4,51,0,-42.233778,-64.361151,,0,51,0,0,4
79692983,2304,norte,S,0,0,0,1,1,0,2,0,0,0,0,0,0,0,2,13,0,-42.233856,-64.361646,,0,13,2,0,2
79692985,2306,norte,H1,1,0,1,7,2,0,11,2,0,0,0,0,2,2,0,30,0,-42.234211,-64.363414,,0,30,11,0,0
79721229,2320,norte,H1,1,0,0,18,14,2,35,0,0,0,0,0,0,0,0,35,0,-42.236483,-64.373105,,0,35,35,0,0
79721231,2322,norte,S,0,0,1,0,0,0,1,0,0,0,0,0,0,0,0,89,0,-42.236706,-64.374525,,0,89,1,0,0
79722236,2329,norte,H1,1,0,0,17,8,0,26,1,0,0,0,0,1,1,1,9,0,-42.238901,-64.37467,,0,9,26,0,1
79724108,2345,norte,H1,1,0,0,8,6,1,16,0,0,0,0,0,0,0,1,28,0,-42.238693,-64.373421,,0,28,16,0,1
79724109,2346,norte,,0,0,0,0,0,0,0,0,0,0,0,0,0,0,2,37,0,-42.238237,-64.371681,,0,37,0,0,2
79724540,2349,norte,,0,0,0,0,0,0,0,0,0,0,0,0,0,0,2,8,0,-42.240915,-64.36374,,0,8,0,0,2
79724542,2351,norte,,0,0,0,0,0,0,0,0,0,0,0,0,0,0,2,2,0,-42.241995,-64.361907,,0,2,0,0,2
79724543,2352,norte,,0,0,0,0,0,0,0,0,0,0,0,0,0,0,3,2,0,-42.242706,-64.361032,,0,2,0,0,3
79724544,2353,norte,,0,0,0,0,0,0,0,0,0,0,0,0,0,0,3,2,0,-42.242793,-64.360851,,0,2,0,0,3
79725078,2354,norte,S,0,0,1,0,0,0,1,0,0,0,0,0,0,0,0,0,0,-42.243416,-64.360465,,0,0,1,0,0
79731527,2364,norte,,0,0,0,0,0,0,0,0,0,0,0,0,0,0,1,0,0,-42.246669,-64.337327,,0,0,0,0,1
79731528,2365,norte,,0,0,0,0,0,0,0,0,0,0,0,0,0,0,2,6,0,-42.247965,-64.3351,,0,6,0,0,2
79732480,2366,norte,,0,0,0,0,0,0,0,0,0,0,0,0,0,0,1,0,0,-42.249217,-64.33256,,0,0,0,0,1
79733187,2374,norte,,0,0,0,0,0,0,0,0,0,0,0,0,0,0,3,28,0,-42.248836,-64.300197,,0,28,0,0,3
79733189,2376,norte,,0,0,0,0,0,0,0,0,0,0,0,0,0,0,2,35,0,-42.24885,-64.299271,,0,35,0,0,2
79733190,2377,norte,,0,0,0,0,0,0,0,0,0,0,0,0,0,0,1,1,0,-42.247992,-64.297858,,0,1,0,0,1
